Project Proponent,Project Name,Project ID,Method,Method URL,Method Type,Project Description,Date Project Registered,Project location,Project location (postcode),"Project Area(s), where the project is an area based offsets project",Project Mapping File URL,Carbon Estimation Area mapping file URL,Carbon Estimation Area Supplementary information,"If the area-based project is covered by a regional natural resource management plan, is it consistent with that plan?",Joint Implementation project,Is the project area or project areas subject to a Carbon Maintenance Obligation (CMO)?,Conditional upon all regulatory approvals being obtained,Conditional upon the written consent of relevant interest holders,"Nominated Permanence Period, if applicable","Finish date of permanence period, if applicable",Contracted on,Contract ID,ACCUs Total units issued,KACCUs Total units issued,KACCUs Units Issued in Financial Year 2012/13,KACCUs Units Issued in Financial Year 2013/14,KACCUs Units Issued in Financial Year 2014/15,KACCUs Units Issued in Financial Year 2015/16,KACCUs Units Issued in Financial Year 2016/17,KACCUs Units Issued in Financial Year 2017/18,KACCUs Units Issued in Financial Year 2018/19,KACCUs Units Issued in Financial Year 2019/20,KACCUs Units Issued in Financial Year 2020/21,KACCUs Units Issued in Financial Year 2021/22,KACCUs Units Issued in Financial Year 2022/23,KACCUs Units Issued in Financial Year 2023/24,Name of person/s to whom the KACCUs issued,Total Number of KACCUs units relinquished,NKACCUs Total units issued,NKACCUs Units Issued in Financial Year 2012/13,NKACCUs Units Issued in Financial Year 2013/14,NKACCUs Units Issued in Financial Year 2014/15,NKACCUs Units Issued in Financial Year 2015/16,NKACCUs Units Issued in Financial Year 2016/17,NKACCUs Units Issued in Financial Year 2017/18,NKACCUs Units Issued in Financial Year 2018/19,NKACCUs Units Issued in Financial Year 2019/20,NKACCUs Units Issued in Financial Year 2020/21,NKACCUs Units Issued in Financial Year 2021/22,NKACCUs Units Issued in Financial Year 2022/23,NKACCUs Units Issued in Financial Year 2023/24,Name of person/s to whom the NKACCUs issued,Total Number of NKACCUs units relinquished,Nos
Department of Planning and Environment,Gardens of Stone Environmental Plantings (Carbon) Project,ERF182170,Carbon Credits (Carbon Farming Initiative) (Reforestation by Environmental or Mallee Plantings - FullCAM) Methodology Determination 2014,https://www.legislation.gov.au/Details/F2018C00118,Vegetation,This project establishes permanent plantings of a mix of native tree species on land that was predominantly used for agricultural purposes for at least five years prior to project commencement. The tree species are native to the local area.,3/7/2023,New South Wales,2790,"NA/DPNA

The project is in the LITHGOW CITY COUNCIL local government area(s).",https://www.cleanenergyregulator.gov.au/DocumentAssets/Documents/ERF-Mapping-Files/ERF182170.kml,No,n/a,Yes,No,There is no carbon maintenance obligation on this project area,No,No,100,n/a,n/a,n/a,0,0,0,0,0,0,0,0,0,0,0,0,0,0,n/a,0,0,0,0,0,0,0,0,0,0,0,0,0,0,n/a,0,n/a
CARBON GOLD ESTATES PTY LTD,Dan Wildy Reforestation Project,ERF184434,Carbon Credits (Carbon Farming Initiative) (Reforestation by Environmental or Mallee Plantings - FullCAM) Methodology Determination 2014,https://www.legislation.gov.au/Details/F2018C00118,Vegetation,This project establishes permanent plantings of mallee and mixed native tree species on land that was predominantly used for agricultural purposes for at least five years prior to project commencement. The tree species are native to the local area.,4/7/2023,Western Australia,6470,"382/P135757/1317/60, 385/P135758/1317/60, 427/P301629/1236/985

The project is in the SHIRE OF KOORDA local government area(s).",https://www.cleanenergyregulator.gov.au/DocumentAssets/Documents/ERF-Mapping-Files/ERF184434.kml,No,n/a,Yes,No,There is no carbon maintenance obligation on this project area,Yes,Yes,100,n/a,n/a,n/a,0,0,0,0,0,0,0,0,0,0,0,0,0,0,n/a,0,0,0,0,0,0,0,0,0,0,0,0,0,0,n/a,0,n/a
Kempton Station Farm Pty Ltd,Kempton Station Environmental Planting Project,ERF184552,Carbon Credits (Carbon Farming Initiative) (Reforestation by Environmental or Mallee Plantings - FullCAM) Methodology Determination 2014,https://www.legislation.gov.au/Details/F2018C00118,Vegetation,This project establishes permanent plantings of a mix of native tree species on land that was predominantly used for agricultural purposes for at least five years prior to project commencement. The tree species are native to the local area.,7/7/2023,New South Wales,2360,"1/DP1083365, 1/DP1140310, 1/DP127803, 1/DP753654, 1/DP753667, 10/DP753654, 100/DP753654, 101/DP753654, 17/DP753667, 18/DP753667, 19/DP753667, 2/DP1140310, 2/DP753654, 2/DP753667, 3/DP1140310, 3/DP753667, 32/DP753654, 33/DP753654, 35/DP753654, 36/DP753654, 45/DP753667, 47/DP753654, 48/DP753654, 5/DP753654, 5/DP753667, 6/DP753654, 700/DP753654, 8/DP753654, 9/DP753654

The project is in the INVERELL SHIRE COUNCIL local government area(s).",https://www.cleanenergyregulator.gov.au/DocumentAssets/Documents/ERF-Mapping-Files/ERF184552.kml,No,n/a,Yes,No,There is no carbon maintenance obligation on this project area,No,Yes,100,n/a,n/a,n/a,0,0,0,0,0,0,0,0,0,0,0,0,0,0,n/a,0,0,0,0,0,0,0,0,0,0,0,0,0,0,n/a,0,n/a
LANDARI PTY LTD,Landari AKD-4 Vic 2022: Wheelers Hill,ERF184982,Carbon Credits (Carbon Farming Initiative - Plantation Forestry) Methodology Determination 2022,https://www.legislation.gov.au/Details/F2022L00047,Vegetation,This project sequesters carbon by establishing and maintaining a new plantation forest for commercial harvesting of wood products.,6/7/2023,Victoria,3304,"11495/774, 11495/775, 11495/776, 11829/647, 12197/555, 12197/556, 8091/777, 9560/182

The project is in the GLENELG SHIRE local government area(s).",https://www.cleanenergyregulator.gov.au/DocumentAssets/Documents/ERF-Mapping-Files/ERF184982.kml,No,n/a,Yes,No,There is no carbon maintenance obligation on this project area,No,No,25,n/a,n/a,n/a,0,0,0,0,0,0,0,0,0,0,0,0,0,0,n/a,0,0,0,0,0,0,0,0,0,0,0,0,0,0,n/a,0,n/a
LMS Energy Pty Ltd,Bromelton Landfill Gas Upgrade Project,ERF185142,Carbon Credits (Carbon Farming Initiative - Landfill Gas) Methodology Determination 2015,https://www.legislation.gov.au/Details/F2021C00494,Waste,This project upgrades an existing landfill gas collection system to capture and combust gas generated at the landfill from legacy and non-legacy waste.,3/7/2023,Queensland,4285,n/a,n/a,No,n/a,n/a,No,n/a,No,No,n/a,n/a,n/a,n/a,0,0,0,0,0,0,0,0,0,0,0,0,0,0,n/a,0,0,0,0,0,0,0,0,0,0,0,0,0,0,n/a,0,n/a
Landfill Operations Pty Ltd,MRL Landfill Gas Abatement - Upgrade Project (Revoked),ERF132643,Carbon Credits (Carbon Farming Initiative - Landfill Gas) Methodology Determination 2015,https://www.legislation.gov.au/Details/F2015L00059,Waste,This project upgrades an existing landfill gas collection system to capture and combust gas generated at the landfill from legacy and non-legacy waste.,13/1/2020,Victoria,3023,n/a,n/a,n/a,n/a,n/a,No,n/a,Yes,No,n/a,n/a,n/a,n/a,0,0,0,0,0,0,0,0,0,0,0,0,0,0,n/a,0,0,0,0,0,0,0,0,0,0,0,0,0,0,n/a,0,This project has been revoked under section 30 of the CFI Rule.
Landfill Gas & Power Pty Ltd,Red Hill Landfill Gas Power Station Upgrade Project,ERF165179,Carbon Credits (Carbon Farming Initiative - Electricity Generation from Landfill Gas) Methodology Determination 2021,https://www.legislation.gov.au/Details/F2021L01254,Waste,This project upgrades an existing landfill gas collection system to capture and combust gas generated at the landfill from legacy and non-legacy waste.,21/5/2021,Western Australia,6056,n/a,n/a,n/a,n/a,n/a,No,n/a,No,No,n/a,n/a,n/a,n/a,0,0,0,0,0,0,0,0,0,0,0,0,0,0,n/a,0,0,0,0,0,0,0,0,0,0,0,0,0,0,n/a,0,"18/01/2022 Variation of project method - from Carbon Credits (Carbon Farming Initiative - Landfill Gas) Methodology Determination 2015 (F2015L00059) to Carbon Credits (Carbon Farming Initiative - Electricity Generation from Landfill Gas) Methodology Determination 2021 (F2021L01254).



06/07/2023 Variation to participant name - from EDL Holdings (Australia) Pty Ltd to Landfill Gas & Power Pty Ltd.

"
"McInnerney, Andrew Neil and McInnerney, Leanne Mavis",Ularunda Regeneration Project,ERF101525,Carbon Credits (Carbon Farming Initiative) (Human-Induced Regeneration of a Permanent Even-Aged Native Forest - 1.1) Methodology Determination 2013,https://www.legislation.gov.au/Details/F2018C00125,Vegetation,This project establishes permanent native forests through assisted regeneration from in-situ seed sources (including rootstock and lignotubers) on land that was cleared of vegetation and where regrowth was suppressed for at least 10 years prior to the project having commenced.,20/8/2015,Queensland,4468,"7/UL65



This project is in the Murweh local government area.",https://www.cleanenergyregulator.gov.au/DocumentAssets/Documents/ERF-Mapping-Files/ERF101525.kml,https://www.cleanenergyregulator.gov.au/DocumentAssets/Documents/ERF-CEA-Mapping-Files/ERF101525_CEA.zip,n/a,Yes,No,There is no carbon maintenance obligation on this project area,No,No,25,5/6/2042,1/11/2015,CAC102221,"173,414","170,941",0,0,0,0,"55,278","16,151","25,092","19,558","19,157","18,330","17,375",0,Andrew Neil McInnerney,0,"2,473",0,0,0,0,"2,473",0,0,0,0,0,0,0,Andrew Neil McInnerney,0,5/7/2023 Variation of project method - from Carbon Credits (Carbon Farming Initiative) (Human-Induced Regeneration of a Permanent Even-Aged Native Forest-1.1) Methodology Determination 2013 (Compilation No. 1)  to Carbon Credits (Carbon Farming Initiative) (Human-Induced Regeneration of a Permanent Even-Aged Native Forest-1.1) Methodology Determination 2013 (Compilation No. 3).
Boundary Bend Olives Pty Ltd,Boundary Bend Olives Reforestation Project (BBE),ERF171420,Carbon Credits (Carbon Farming Initiative) (Reforestation by Environmental or Mallee Plantings - FullCAM) Methodology Determination 2014,https://www.legislation.gov.au/Details/F2018C00118,Vegetation,This project establishes permanent plantings of a mix of native tree species on land that was predominantly used for agricultural purposes for at least five years prior to project commencement. The tree species are native to the local area.,2/5/2022,Victoria,3599,"47/SP2914/08876/208, 6/PS442841/10707/613, 49/SP2914/10193/951, 8/PS442841/10707/615, 2/PS442841/11281/228, 3/PS442841/11281/220, 2/PS 502671/11281/189, 2/PS507824/10723/001, 2/PS432237/10547/108, 2/548907/11031/470



This project is in the SWAN HILL RURAL CITY local government area.",https://www.cleanenergyregulator.gov.au/DocumentAssets/Documents/ERF-Mapping-Files/ERF171420.kml,n/a,n/a,Yes,No,There is no carbon maintenance obligation on this project area,No,Yes,100,n/a,n/a,n/a,0,0,0,0,0,0,0,0,0,0,0,0,0,0,n/a,0,0,0,0,0,0,0,0,0,0,0,0,0,0,n/a,0,n/a
Karen Bailey and Charles Bailey,Curragh Regeneration Project,ERF101626,Carbon Credits (Carbon Farming Initiative) (Human-Induced Regeneration of a Permanent Even-Aged Native Forest - 1.1) Methodology Determination 2013,https://www.legislation.gov.au/Details/F2015C00576,Vegetation,This project establishes permanent native forests through assisted regeneration from in-situ seed sources (including rootstock and lignotubers) on land that was cleared of vegetation and where regrowth was suppressed for at least 10 years prior to the project having commenced.,27/7/2015,New South Wales,2840,"5781/DP768682, 5723/DP768623, 2/DP750330, 5776/DP768676, 4/DP750330, 5724/DP768624, 1/DP750330, 3/DP750330, 5784/DP768685



This project is in the Bourke local government area.",https://www.cleanenergyregulator.gov.au/DocumentAssets/Documents/ERF-Mapping-Files/ERF101626.kml,https://www.cleanenergyregulator.gov.au/DocumentAssets/Documents/ERF-CEA-Mapping-Files/ERF101626_CEA.zip,n/a,Yes,No,There is no carbon maintenance obligation on this project area,No,No,100,4/12/2116,1/11/2015,CAC102204,"225,554","225,554",0,0,0,0,"47,018","11,394","14,692","54,236","28,784","33,867",0,0,Anthony Brett Bailey; Karen Christina Bailey,0,0,0,0,0,0,0,0,0,0,0,0,0,0,n/a,0,"24/12/2021 Variation to participant name - from Anthony Bailey, Karen Bailey and Charles Bailey to Karen Bailey and Charles Bailey."
"Chambers, Robert Campbell and Chambers, Donna Marie",Osterley Downs Native Forest Protection Project,EOP100653,Carbon Credits (Carbon Farming Initiative - Avoided Deforestation 1.1) Methodology Determination 2015,https://www.legislation.gov.au/Details/F2015L00347,Vegetation,"This project protects the native forest from being deforested (cleared) and the land from being converted to an agricultural system, where a clearing permit was issued before 1 July 2010.",6/1/2014,New South Wales,2877,"881/DP761954, 2752/DP764865, 880/DP761955



This project is in the Cobar local government area.",https://www.cleanenergyregulator.gov.au/DocumentAssets/Documents/ERF-Mapping-Files/EOP100653.kml,https://www.cleanenergyregulator.gov.au/DocumentAssets/Documents/ERF-CEA-Mapping-Files/EOP100653_CEA.zip,n/a,Yes,No,There is no carbon maintenance obligation on this project area,No,No,100,23/2/2114,1/4/2015,CAC771447,"1,549,382","1,549,382",0,"273,522","96,552","92,678","140,794","140,832","140,877","247,668","130,504","142,977","107,696",0,Robert Campbell Chambers,0,0,0,0,0,0,0,0,0,0,0,0,0,0,n/a,0,18/05/2015 Variation of project method - from the Carbon Credits (Carbon Farming Initiative) (Avoided Deforestation) Methodology Determination 2013 to the Carbon Credits (Carbon Farming Initiative - Avoided Deforestation 1.1) Methodology Determination 2015.
The Fords Bridge Aggregation Carbon Project Pty Ltd,Fords Bridge Aggregation Native Forest Protection Project,EOP100883,Carbon Credits (Carbon Farming Initiative - Avoided Deforestation 1.1) Methodology Determination 2015,https://www.legislation.gov.au/Details/F2015L00347,Vegetation,"This project protects the native forest from being deforested (cleared) and the land from being converted to an agricultural system, where a clearing permit was issued before 1 July 2010.",21/11/2014,New South Wales,2840,"2245/DP764504, 955/DP761962, 3763/DP766176, 956/DP761964, 1286/DP762920, 2/DP1061493



This project is in the Bourke local government area.",https://www.cleanenergyregulator.gov.au/DocumentAssets/Documents/ERF-Mapping-Files/EOP100883.kml,https://www.cleanenergyregulator.gov.au/DocumentAssets/Documents/ERF-CEA-Mapping-Files/EOP100883_CEA.zip,n/a,Yes,No,There is no carbon maintenance obligation on this project area,No,No,100,8/12/2114,1/4/2015,CAC446452,"1,052,006","1,052,006",0,0,"273,145","131,559","81,878","94,903","94,937","118,884","87,974","96,374","48,567",0,The Fords Bridge Aggregation Carbon Project Pty Ltd,0,0,0,0,0,0,0,0,0,0,0,0,0,0,n/a,0,18/05/2015 Variation of project method - from the Carbon Credits (Carbon Farming Initiative) (Avoided Deforestation) Methodology Determination 2013 to the Carbon Credits (Carbon Farming Initiative - Avoided Deforestation 1.1) Methodology Determination 2015.
Silverback Properties Pty Ltd as the Trustee for Terri Irwin Family Trust,Steve Irwin Wildlife Reserve Savanna Burning Project,ERF101756,Carbon Credits (Carbon Farming Initiative - Emissions Abatement through Savanna Fire Management) Methodology Determination 2015,https://www.legislation.gov.au/Details/F2015L00344,Savanna Burning,This project involves strategic and planned burning of savanna areas in the high rainfall zone during the early dry season to reduce the risk of late dry season wild fires.,6/10/2015,Queensland,4874,"4/SP266637



This project is in the Cook local government area.",https://www.cleanenergyregulator.gov.au/DocumentAssets/Documents/ERF-Mapping-Files/ERF101756.kml,n/a,n/a,Yes,No,n/a,No ,No,n/a,n/a,n/a,n/a,"104,816","104,816",0,0,0,0,"29,622","11,226","8,546","9,041",0,"30,709",0,0,Silverback Properties Pty Ltd as the Trustee for Terri Irwin Family Trust,0,0,0,0,0,0,0,0,0,0,0,0,0,0,n/a,0,12/11/2016 This project was contracted in Nov-15 and CAC102349 has now been completed.
Terra Carbon Pty Limited,Meadow Glen Native Forest Protection Project,EOP100756,Carbon Credits (Carbon Farming Initiative - Avoided Deforestation 1.1) Methodology Determination 2015,https://www.legislation.gov.au/Details/F2015L00347,Vegetation,"This project protects the native forest from being deforested (cleared) and the land from being converted to an agricultural system, where a clearing permit was issued before 1 July 2010.",1/9/2014,New South Wales,2835,"6434/DP769290, 854/DP762006, 855/DP761937



This project is in the Cobar local government area.",https://www.cleanenergyregulator.gov.au/DocumentAssets/Documents/ERF-Mapping-Files/EOP100756.kml,https://www.cleanenergyregulator.gov.au/DocumentAssets/Documents/ERF-CEA-Mapping-Files/EOP100756_CEA.zip,n/a,Yes,No,There is no carbon maintenance obligation on this project area,No,No,100,3/11/2114,1/4/2015,CAC499247,"655,246","655,246",0,0,"199,510","52,470","57,183","57,202","57,380","62,180","57,991","53,299","43,707",0,Mathew Francis Zimmer; Terra Carbon Pty Limited,0,0,0,0,0,0,0,0,0,0,0,0,0,0,n/a,0,"18/05/2015 Variation of project method - from the Carbon Credits (Carbon Farming Initiative) (Avoided Deforestation) Methodology Determination 2013 to the Carbon Credits (Carbon Farming Initiative - Avoided Deforestation 1.1) Methodology Determination 2015.

17/06/2016 Variation to participant name - from Mathew Francis Zimmer and Craig John Zimmer to Terra Carbon Pty Limited."
"Rubery, Mathew David",Mouroubra Station Regeneration Project,ERF124066,Carbon Credits (Carbon Farming Initiative) (Human-Induced Regeneration of a Permanent Even-Aged Native Forest - 1.1) Methodology Determination 2013,https://www.legislation.gov.au/Details/F2018C00125,Vegetation,This project establishes permanent native forests through assisted regeneration from in-situ seed sources (including rootstock and lignotubers) on land that was cleared of vegetation and where regrowth was suppressed for at least 10 years prior to the project having commenced.,30/11/2018,Western Australia,6612,"4273/D238347



This project is in the SHIRE OF MOUNT MARSHALL local government area.",https://www.cleanenergyregulator.gov.au/DocumentAssets/Documents/ERF-Mapping-Files/ERF124066.kml,https://www.cleanenergyregulator.gov.au/DocumentAssets/Documents/ERF-CEA-Mapping-Files/ERF124066_CEA.zip,n/a,Yes,No,There is no carbon maintenance obligation on this project area,No,No,25,22/7/2046,n/a,n/a,"32,389","32,389",0,0,0,0,0,0,0,0,0,"18,391",0,0,Mathew David Rubery,0,0,0,0,0,0,0,0,0,0,0,0,0,0,n/a,0,"11/08/2020 Variation to the project area - areas listed in the project have been removed

12/08/2021. This project was contracted in Dec-18 and CAC539957 has now been completed."
Terra Carbon Pty Limited,Lynwood Human-Induced Regeneration Project,ERF101280,Carbon Credits (Carbon Farming Initiative) (Human-Induced Regeneration of a Permanent Even-Aged Native Forest - 1.1) Methodology Determination 2013,https://www.legislation.gov.au/Details/F2015C00576,Vegetation,This project establishes permanent native forests through assisted regeneration from in-situ seed sources (including rootstock and lignotubers) on land that was cleared of vegetation and where regrowth was suppressed for at least 10 years prior to the project having commenced.,24/6/2015,New South Wales,2835,"4814/DP768100, 1282/DP762978, 5412/DP768323, 4815/DP257521



This project is in the Cobar local government area.",https://www.cleanenergyregulator.gov.au/DocumentAssets/Documents/ERF-Mapping-Files/ERF101280.kml,https://www.cleanenergyregulator.gov.au/DocumentAssets/Documents/ERF-CEA-Mapping-Files/ERF101280_CEA.zip,n/a,Yes,No,There is no carbon maintenance obligation on this project area,No,No,100,29/9/2116,1/4/2016,CAC102243,"665,917","629,143",0,0,0,0,"187,314","90,238","78,616","90,231","56,359","58,382","54,506",0,Terra Carbon Pty Limited,0,"36,774",0,0,0,0,"36,774",0,0,0,0,0,0,0,Terra Carbon Pty Limited,0,n/a
Terra Carbon Pty Limited,Darling River Eco Corridor #26,ERF107289,Carbon Credits (Carbon Farming Initiative) (Human-Induced Regeneration of a Permanent Even-Aged Native Forest - 1.1) Methodology Determination 2013,https://www.legislation.gov.au/Details/F2016C00281,Vegetation,This project establishes permanent native forests through assisted regeneration from in-situ seed sources (including rootstock and lignotubers) on land that was cleared of vegetation and where regrowth was suppressed for at least 10 years prior to the project having commenced.,17/1/2017,New South Wales,2840,"3510/DP765802, 5165/DP722926, 6629/DP769412



This project is in the BOURKE SHIRE COUNCIL local government area.",https://www.cleanenergyregulator.gov.au/DocumentAssets/Documents/ERF-Mapping-Files/ERF107289.kml,https://www.cleanenergyregulator.gov.au/DocumentAssets/Documents/ERF-CEA-Mapping-Files/ERF107289_CEA.zip,n/a,Yes,No,There is no carbon maintenance obligation on this project area,No,No,100,27/6/2117,1/4/2017,CAC319919,"240,612","240,612",0,0,0,0,"10,358","28,840","37,836","40,219","44,379","39,058","30,530",0,Terra Carbon Pty Limited,0,0,0,0,0,0,0,0,0,0,0,0,0,0,n/a,0,n/a
Terra Carbon Pty Limited,Catchment Conservation Alliance - Southern Rivers Initiative Site #5,ERF118274,Carbon Credits (Carbon Farming Initiative) (Human-Induced Regeneration of a Permanent Even-Aged Native Forest - 1.1) Methodology Determination 2013,https://www.legislation.gov.au/Details/F2016C00281,Vegetation,This project establishes permanent native forests through assisted regeneration from in-situ seed sources (including rootstock and lignotubers) on land that was cleared of vegetation and where regrowth was suppressed for at least 10 years prior to the project having commenced.,30/10/2017,Queensland,4475,"5/CPHU33, 6/CPHU19



This project is in the QUILPIE SHIRE local government area.",https://www.cleanenergyregulator.gov.au/DocumentAssets/Documents/ERF-Mapping-Files/ERF118274.kml,https://www.cleanenergyregulator.gov.au/DocumentAssets/Documents/ERF-CEA-Mapping-Files/ERF118274_CEA.zip,n/a,Yes,No,There is no carbon maintenance obligation on this project area,No,No,100,23/6/2121,n/a,n/a,"124,298","124,298",0,0,0,0,0,0,0,0,"59,028","31,044","25,823",0,Terra Carbon Pty Limited,0,0,0,0,0,0,0,0,0,0,0,0,0,0,n/a,0,n/a
Terra Carbon Pty Limited,Dungarvan Human-Induced Regeneration Project,ERF101403,Carbon Credits (Carbon Farming Initiative) (Human-Induced Regeneration of a Permanent Even-Aged Native Forest - 1.1) Methodology Determination 2013,https://www.legislation.gov.au/Details/F2015C00576,Vegetation,This project establishes permanent native forests through assisted regeneration from in-situ seed sources (including rootstock and lignotubers) on land that was cleared of vegetation and where regrowth was suppressed for at least 10 years prior to the project having commenced.,10/7/2015,New South Wales,2840,"6121/DP768970, 2298/DP764510, 2029/DP763938



This project is in the Bourke local government area.",https://www.cleanenergyregulator.gov.au/DocumentAssets/Documents/ERF-Mapping-Files/ERF101403.kml,https://www.cleanenergyregulator.gov.au/DocumentAssets/Documents/ERF-CEA-Mapping-Files/ERF101403_CEA.zip,n/a,Yes,No,There is no carbon maintenance obligation on this project area,No,No,100,30/6/2116,1/4/2016,CAC102139,"318,644","301,005",0,0,0,0,"122,541","32,890",0,"60,493","29,862","22,220","27,377",0,Terra Carbon Pty Limited,0,"17,639",0,0,0,0,"17,639",0,0,0,0,0,0,0,Terra Carbon Pty Limited,0,n/a
Terra Carbon Pty Limited,Western Australia Rangelands Conservation Initiative,ERF121763,Carbon Credits (Carbon Farming Initiative) (Human-Induced Regeneration of a Permanent Even-Aged Native Forest - 1.1) Methodology Determination 2013,https://www.legislation.gov.au/Details/F2018C00125,Vegetation,This project establishes permanent native forests through assisted regeneration from in-situ seed sources (including rootstock and lignotubers) on land that was cleared of vegetation and where regrowth was suppressed for at least 10 years prior to the project having commenced.,18/5/2018,Western Australia,6640,"134/D220917



This project is in the City of Greater Geraldton local government area.",https://www.cleanenergyregulator.gov.au/DocumentAssets/Documents/ERF-Mapping-Files/ERF121763.kml,https://www.cleanenergyregulator.gov.au/DocumentAssets/Documents/ERF-CEA-Mapping-Files/ERF121763_CEA.zip,n/a,Yes,No,There is no carbon maintenance obligation on this project area,No,No,25,28/4/2046,1/6/2018,CAC263429,"42,887","42,887",0,0,0,0,0,0,0,0,"10,991","11,995","15,687",0,Terra Carbon Pty Limited,0,0,0,0,0,0,0,0,0,0,0,0,0,0,n/a,0,28/10/2020 Variation to the project area - areas listed in the project have been removed
Terra Carbon Pty Limited,Rose Isle Human-Induced Regeneration Project,ERF101641,Carbon Credits (Carbon Farming Initiative) (Human-Induced Regeneration of a Permanent Even-Aged Native Forest - 1.1) Methodology Determination 2013,https://www.legislation.gov.au/Details/F2015C00576,Vegetation,This project establishes permanent native forests through assisted regeneration from in-situ seed sources (including rootstock and lignotubers) on land that was cleared of vegetation and where regrowth was suppressed for at least 10 years prior to the project having commenced.,10/7/2015,New South Wales,2840,"626/DP761644, 5923/DP768184, 6203/DP769055, 4764/DP767979, 14/DP757361, 5924/DP768184, 1/DP757334, 6198/DP769050, 8/DP757361



This project is in the Bourke local government area.",https://www.cleanenergyregulator.gov.au/DocumentAssets/Documents/ERF-Mapping-Files/ERF101641.kml,https://www.cleanenergyregulator.gov.au/DocumentAssets/Documents/ERF-CEA-Mapping-Files/ERF101641_CEA.zip,n/a,Yes,No,There is no carbon maintenance obligation on this project area,No,No,100,22/9/2116,1/4/2016,CAC102142,"130,442","130,442",0,0,0,0,"23,475",0,"23,765","28,318","18,445","18,813","14,364",0,Terra Carbon Pty Limited,0,0,0,0,0,0,0,0,0,0,0,0,0,0,n/a,0,n/a
Terra Carbon Pty Limited,Maureenjoy Human-Induced Regeneration Project,ERF101380,Carbon Credits (Carbon Farming Initiative) (Human-Induced Regeneration of a Permanent Even-Aged Native Forest - 1.1) Methodology Determination 2013,https://www.legislation.gov.au/Details/F2015C00576,Vegetation,This project establishes permanent native forests through assisted regeneration from in-situ seed sources (including rootstock and lignotubers) on land that was cleared of vegetation and where regrowth was suppressed for at least 10 years prior to the project having commenced.,10/7/2015,New South Wales,2840,"2299/DP764511



This project is in the Bourke local government area.",https://www.cleanenergyregulator.gov.au/DocumentAssets/Documents/ERF-Mapping-Files/ERF101380.kml,https://www.cleanenergyregulator.gov.au/DocumentAssets/Documents/ERF-CEA-Mapping-Files/ERF101380_CEA.zip,n/a,Yes,No,There is no carbon maintenance obligation on this project area,No,No,100,29/6/2116,1/4/2016,CAC102140,"262,638","253,843",0,0,0,"66,447","33,028","27,145",0,"50,310","31,345","17,945","27,623",0,Terra Carbon Pty Limited,0,"13,610",0,0,0,"13,610",0,0,0,0,0,0,0,0,Terra Carbon Pty Limited,0,n/a
Terra Carbon Pty Limited,Darling River Eco Corridor #38,ERF121014,Carbon Credits (Carbon Farming Initiative) (Human-Induced Regeneration of a Permanent Even-Aged Native Forest - 1.1) Methodology Determination 2013,https://www.legislation.gov.au/Details/F2018C00125,Vegetation,This project establishes permanent native forests through assisted regeneration from in-situ seed sources (including rootstock and lignotubers) on land that was cleared of vegetation and where regrowth was suppressed for at least 10 years prior to the project having commenced.,16/5/2018,New South Wales,2836,"1/DP755591, 939/DP762071, 6636/DP820451, 940/DP762072, 6449/DP761126



This project is in the Central Darling Shire Council local government area.",https://www.cleanenergyregulator.gov.au/DocumentAssets/Documents/ERF-Mapping-Files/ERF121014.kml,https://www.cleanenergyregulator.gov.au/DocumentAssets/Documents/ERF-CEA-Mapping-Files/ERF121014_CEA.zip,n/a,Yes,No,There is no carbon maintenance obligation on this project area,No,No,25,19/3/2044,1/6/2018,CAC669129,"76,745","81,602",0,0,0,0,0,0,"4,962","16,612","16,697","18,710","24,621",0,Terra Carbon Pty Limited,0,0,0,0,0,0,0,0,0,0,0,0,0,0,n/a,0,n/a
Terra Carbon Pty Limited,Darling River Eco Corridor #34,ERF121095,Carbon Credits (Carbon Farming Initiative) (Human-Induced Regeneration of a Permanent Even-Aged Native Forest - 1.1) Methodology Determination 2013,https://www.legislation.gov.au/Details/F2018C00125,Vegetation,This project establishes permanent native forests through assisted regeneration from in-situ seed sources (including rootstock and lignotubers) on land that was cleared of vegetation and where regrowth was suppressed for at least 10 years prior to the project having commenced.,14/5/2018,New South Wales,2840,"185/DP760800, 3/DP751977, 3520/DP765813, 3644/DP766026, 5/DP751977



This project is in the BOURKE SHIRE COUNCIL local government area.",https://www.cleanenergyregulator.gov.au/DocumentAssets/Documents/ERF-Mapping-Files/ERF121095.kml,https://www.cleanenergyregulator.gov.au/DocumentAssets/Documents/ERF-CEA-Mapping-Files/ERF121095_CEA.zip,n/a,Yes,No,There is no carbon maintenance obligation on this project area,No,No,100,30/5/2119,1/6/2018,CAC827727,"44,554","47,643",0,0,0,0,0,0,"2,422","5,483","12,861","8,406","18,471",0,Terra Carbon Pty Limited,0,0,0,0,0,0,0,0,0,0,0,0,0,0,n/a,0,14/08/2018 Variation to the project area - areas listed in the project have been removed
Terra Carbon Pty Limited,Darling River Conservation Initiative - Site #3,ERF124227,Carbon Credits (Carbon Farming Initiative) (Human-Induced Regeneration of a Permanent Even-Aged Native Forest - 1.1) Methodology Determination 2013,https://www.legislation.gov.au/Details/F2018C00125,Vegetation,This project establishes permanent native forests through assisted regeneration from in-situ seed sources (including rootstock and lignotubers) on land that was cleared of vegetation and where regrowth was suppressed for at least 10 years prior to the project having commenced.,22/11/2018,New South Wales,2835,"4916/DP769172



This project is in the COBAR SHIRE COUNCIL local government area.",https://www.cleanenergyregulator.gov.au/DocumentAssets/Documents/ERF-Mapping-Files/ERF124227.kml,https://www.cleanenergyregulator.gov.au/DocumentAssets/Documents/ERF-CEA-Mapping-Files/ERF124227_CEA.zip,n/a,Yes,No,There is no carbon maintenance obligation on this project area,No,No,25,15/9/2044,n/a,n/a,"37,441","40,428",0,0,0,0,0,0,0,"5,283","9,911","10,402","14,832",0,Terra Carbon Pty Limited,0,0,0,0,0,0,0,0,0,0,0,0,0,0,n/a,0,n/a
Paringa Pasture Pty Ltd as the Trustee for Lawrie Family Trust,Moora Plains Soil Carbon Project,ERF105067,Carbon Credits (Carbon Farming Initiative - Estimation of Soil Organic Carbon Sequestration using Measurement and Models) Methodology Determination 2021,https://www.legislation.gov.au/Details/F2021L01696,Agriculture,"This project increases carbon in soil in the agricultural system by altering the stocking rate, duration or intensity of grazing.",12/1/2017,Queensland,4702,"2414/PAK40127, 4/PAK40180, 18/PN116, 1728/PN384, 2327/PAK40122



This project is in the Rockhampton local government area.",https://www.cleanenergyregulator.gov.au/DocumentAssets/Documents/ERF-Mapping-Files/ERF105067.kml,https://www.cleanenergyregulator.gov.au/DocumentAssets/Documents/ERF-CEA-Mapping-Files/ERF105067_CEA.zip,n/a,Yes,No,There is no carbon maintenance obligation on this project area,No,No,25,16/6/2048,n/a,n/a,"85,262","85,262",0,0,0,0,0,0,0,0,0,0,"85,262",0,Paringa Pasture Pty Ltd as the Trustee for Lawrie Family Trust,0,0,0,0,0,0,0,0,0,0,0,0,0,0,n/a,0,"18/06/2021 Variation of project method - from the Carbon Credits (Carbon Farming Initiative) (Sequestering Carbon in Soils in Grazing Systems) Methodology Determination 2014 to the Carbon Credits (Carbon Farming Initiative� Measurement of Soil Carbon Sequestration in Agricultural Systems) Methodology Determination 2018.

24/06/2022 Variation of project method - from the Carbon Credits (Carbon Farming Initiative� Measurement of Soil Carbon Sequestration in Agricultural Systems) Methodology Determination 2018 to the Carbon Credits (Carbon Farming Initiative�Estimation of Soil Organic Carbon Sequestration using Measurement and Models) Methodology Determination 2021."
Benefit Property Holdings Pty Ltd,Urisino Regenerative Ecosystem Project,EOP100637,Carbon Credits (Carbon Farming Initiative) (Human-Induced Regeneration of a Permanent Even-Aged Native Forest - 1.1) Methodology Determination 2013,https://www.legislation.gov.au/Details/F2015C00576,Vegetation,This project establishes permanent native forests through assisted regeneration from in-situ seed sources (including rootstock and lignotubers) on land that was cleared of vegetation and where regrowth was suppressed for at least 10 years prior to the project having commenced.,30/5/2014,New South Wales,2840,"2/DP756375, 5/DP756362, 4013/DP766486, 4999/DP765868, 2/DP756380, 3655/DP766037, 1/DP756375, 3654/DP766036, 4787/DP765867, 3/DP756362, 4/DP756375



This project is in the Unincorporated local government area.",https://www.cleanenergyregulator.gov.au/DocumentAssets/Documents/ERF-Mapping-Files/EOP100637.kml,https://www.cleanenergyregulator.gov.au/DocumentAssets/Documents/ERF-CEA-Mapping-Files/EOP100637_CEA.zip,n/a,Yes,No,There is no carbon maintenance obligation on this project area,No,No,100,19/11/2114,n/a,n/a,"694,678","630,269",0,0,"92,068","63,441","62,065","75,415","64,680",0,"147,153","64,255","61,192",0,Benefit Property Holdings Pty. Ltd.,0,"64,409",0,0,"64,409",0,0,0,0,0,0,0,0,0,Benefit Property Holdings Pty. Ltd.,2796,"13/01/2016 The Clean Energy Regulator issued a notice of intent to relinquish 2,796, non-Kyoto Australian carbon credit units to Benefit Property Holdings Pty. Ltd.

28/01/2016 Relinquishment of Non-Kyoto Australian carbon credit units - the Clean Energy Regulator issued a notice under section 88 of the CFI Act requiring Benefit Property Holdings Pty. Ltd. to relinquish 2,796 Australian carbon credit units in relation to the Urisino Regenerative Ecosystem Project.

03/08/2021 This project was contracted in Apr-15 and CAC803947 has now been completed. "
Ecovantage pty ltd,Energy_Efficiency_Upgrades_Nov_2022,ERF181323,Carbon Credits (Carbon Farming Initiative - Industrial and Commercial Emissions Reduction) Methodology Determination 2021,https://www.legislation.gov.au/Details/F2021L01789,Energy Efficiency,"This project reduces energy (fuel and electricity) emissions by (a) modifying, removing or replacing existing emissions-producing equipment; (b) installing equipment as part of replacing, modifying or augmenting existing emissions-producing equipment; (c) changing the way existing emissions-producing equipment is controlled or operated; (d) changing the energy sources or mix of energy sources used by existing emissions-producing equipment; (e) modifying, installing, removing or replacing equipment that affects the production of emissions by existing emissions-producing equipment; (f) installing equipment that generates electricity at a location for the primary purpose of providing electricity to existing emissions-producing equipment that, in the absence of the implementation activity, would obtain electricity from an electricity grid.",26/6/2023,"Australian Capital Territory, New South Wales, Queensland, South Australia, Victoria, Western Australia",4172,n/a,n/a,No,n/a,n/a,No,n/a,No,No,n/a,n/a,n/a,n/a,0,0,0,0,0,0,0,0,0,0,0,0,0,0,n/a,0,0,0,0,0,0,0,0,0,0,0,0,0,0,n/a,0,n/a
Permagen Planting Land Pty Ltd As Trustee For Permagen Planting Land Trust,Pig Hill Plantings Project,ERF182268,Carbon Credits (Carbon Farming Initiative) (Reforestation by Environmental or Mallee Plantings - FullCAM) Methodology Determination 2014,https://www.legislation.gov.au/Details/F2018C00118,Vegetation,This project establishes permanent plantings of a mix of native tree species on land that was predominantly used for agricultural purposes for at least five years prior to project commencement. The tree species are native to the local area.,28/6/2023,Tasmania,7214,"207712/1, 212479/1, 236801/1, 247425/1

The project is in the BREAK O'DAY COUNCIL local government area(s).",https://www.cleanenergyregulator.gov.au/DocumentAssets/Documents/ERF-Mapping-Files/ERF182268.kml,No,n/a,Yes,No,There is no carbon maintenance obligation on this project area,No,Yes,25,n/a,n/a,n/a,0,0,0,0,0,0,0,0,0,0,0,0,0,0,n/a,0,0,0,0,0,0,0,0,0,0,0,0,0,0,n/a,0,n/a
INPEX NEW ENERGY BUSINESS AUSTRALIA PTY LTD,Gabalong Farms Mallee 2023,ERF185347,Carbon Credits (Carbon Farming Initiative) (Reforestation by Environmental or Mallee Plantings - FullCAM) Methodology Determination 2014,https://www.legislation.gov.au/Details/F2018C00118,Vegetation,"This project will look to plant native mallee species in WA, creating ecological benefit in the area. The project will create native permanent forest.
",27/6/2023,Western Australia,6574,"M1740/P6395/425/171A

The project is in the SHIRE OF MOORA local government area(s).",https://www.cleanenergyregulator.gov.au/DocumentAssets/Documents/ERF-Mapping-Files/ERF185347.kml,No,n/a,Yes,No,There is no carbon maintenance obligation on this project area,No,No,25,n/a,n/a,n/a,0,0,0,0,0,0,0,0,0,0,0,0,0,0,n/a,0,0,0,0,0,0,0,0,0,0,0,0,0,0,n/a,0,n/a
Corporate Carbon Advisory Pty Ltd,King Rock View Revegetation Project (Revoked),ERF170669,Carbon Credits (Carbon Farming Initiative) (Reforestation by Environmental or Mallee Plantings - FullCAM) Methodology Determination 2014,https://www.legislation.gov.au/Details/F2018C00118,Vegetation,This project establishes permanent plantings of a mix of native tree species on land that was predominantly used for agricultural purposes for at least five years prior to project commencement. The tree species are native to the local area.,24/2/2022,Western Australia,6359,"2434/P209818/1979/407, 2/P61308/2703/164



This project is in the SHIRE OF KONDININ local government area.",https://www.cleanenergyregulator.gov.au/DocumentAssets/Documents/ERF-Mapping-Files/ERF170669.kml,n/a,n/a,Yes,No,There is no carbon maintenance obligation on this project area,No,Yes,100,n/a,n/a,n/a,0,0,0,0,0,0,0,0,0,0,0,0,0,0,n/a,0,0,0,0,0,0,0,0,0,0,0,0,0,0,n/a,0,30/06/2023 This project has been revoked under section 30 of the CFI Rule.
"PANIRI HOLDINGS PTY LTD, Paniri Ventures Pty Ltd",Flanders Carbon Project,ERF103197,Carbon Credits (Carbon Farming Initiative) (Human-Induced Regeneration of a Permanent Even-Aged Native Forest - 1.1) Methodology Determination 2013,https://www.legislation.gov.au/Details/F2016C00281,Vegetation,This project establishes permanent native forests through assisted regeneration from in-situ seed sources (including rootstock and lignotubers) on land that was cleared of vegetation and where regrowth was suppressed for at least 10 years prior to the project having commenced.,13/4/2016,Queensland,4490,"7/CPBAN47, 40/CPBAN15, 13/CPBAN20, 5/CPBAN105, 3/CPHU4, 3/CPPR96, 39/CPBAN15



This project is in the PAROO SHIRE local government area.",https://www.cleanenergyregulator.gov.au/DocumentAssets/Documents/ERF-Mapping-Files/ERF103197.kml,https://www.cleanenergyregulator.gov.au/DocumentAssets/Documents/ERF-CEA-Mapping-Files/ERF103197_CEA.zip,n/a,Yes,No,There is no carbon maintenance obligation on this project area,No,No,100,14/9/2116,1/4/2016,CAC770784,"676,044","676,044",0,0,0,0,"47,651","109,866","116,753","103,172","140,976","80,923","76,703",0,Paniri Ventures Pty Ltd,0,0,0,0,0,0,0,0,0,0,0,0,0,0,n/a,0,"14/07/2016 Variation to participant name from Paniri Ventures Pty Ltd to Paniri Ventures Pty Ltd and Corporate Carbon Solutions Pty Ltd.

02/02/2018 Variation to participant name from Paniri Ventures Pty Ltd and Corporate Carbon Solutions Pty Ltd to Paniri Ventures Pty Ltd.

14/02/2018 Variation to the project area - areas have been added to the project transferred from ERF111315 Milhouse Regeneration project. Due to the restructure, Paniri Ventures Pty Ltd has transferred 37,422 Kyoto Australian carbon credits from Milhouse Regeneration project to Flanders Carbon Project under s.52 of the CFI Rule.

02/03/2020 - Variation to participant name from Paniri Ventures Pty Ltd to Paniri Ventures Pty Ltd and Paniri Holdings Pty Ltd."
Wanjina-Wunggurr (Native Title) Aboriginal Corporation RNTBC,Dambimangari Fire Project,EOP100647,Carbon Credits (Carbon Farming Initiative - Emissions Abatement through Savanna Fire Management) Methodology Determination 2015,https://www.legislation.gov.au/Details/F2015L00344,Savanna Burning,This project involves strategic and planned burning of savanna areas in the high rainfall zone during the early dry season to reduce the risk of late dry season wild fires.,10/2/2014,Western Australia,"6728, 6740","14/P241697, 20/P92228, 24/P243166, 25/P243147, 29/P195322



This project is in the Derby-West Kimberley,Wyndham-East Kimberley local government area.",https://www.cleanenergyregulator.gov.au/DocumentAssets/Documents/ERF-Mapping-Files/EOP100647.kml,n/a,n/a,Yes,No,n/a,No,No,n/a,n/a,n/a,n/a,"353,313","353,313",0,"52,959","12,216","14,010","30,272","39,592","28,764","2,654","57,033","53,635","62,178",0,Wanjina-Wunggurr (Native Title) Aboriginal Corporation RNTBC,0,0,0,0,0,0,0,0,0,0,0,0,0,0,n/a,0,"23/12/2015 Variation of project method - from Reduction of Greenhouse Gas Emissions through Early Dry Season Savanna Burning - 1.1 to Carbon Credits (Carbon Farming Initiative - Emissions Abatement through Savanna Fire Management) Methodology Determination 2015

23/12/2015 Variation to the project area - areas have been added to the project"
Umlilo Holdings Pty Ltd as trustee for CC Stage 3 Agricultural Trust,Holroyd Station,EOP100851,Carbon Credits (Carbon Farming Initiative - Emissions Abatement through Savanna Fire Management) Methodology Determination 2015,https://www.legislation.gov.au/Details/F2015L00344,Savanna Burning,This project involves the strategic and planned burning of savanna areas during the early dry season to reduce the risk of late dry season wild fires.,5/11/2014,Queensland,4871,"652/SP177999



This project is in the Cook local government area.",https://www.cleanenergyregulator.gov.au/DocumentAssets/Documents/ERF-Mapping-Files/EOP100851.kml,n/a,n/a,Yes,No,n/a,No,No,n/a,n/a,1/11/2015,CAC102366,"239,152","239,152",0,0,0,"50,790",0,"22,700","46,827","42,340",0,0,"76,495",0,COUNTRY CARBON PTY. LTD.; Terra Carbon Pty Limited; Umlilo Holdings Pty Ltd as trustee for CC Stage 3 Agricultural Trust,0,0,0,0,0,0,0,0,0,0,0,0,0,0,n/a,0,"07/02/2017 Variation of project method - from Carbon Credits (Carbon Farming Initiative)(Reduction of Greenhouse Gas Emissions through Early Dry Season Savanna Burning-1.1) Methodology Determination 2013 to Carbon Credits (Carbon Farming Initiative - Emissions Abatement through Savanna Fire Management) Methodology Determination 2015.



08/09/2022 Variation to participant name - from Country Carbon Pty Ltd to Terra Carbon Pty Limited.



02/06/2023 Variation to participant name - from Terra Carbon Pty Limited to Umlilo Holdings Pty Ltd as trustee for CC Stage 3 Agricultural Trust."
VEOLIA RECYCLING & RECOVERY ANZ PTY LIMITED ,North Bannister Landfill Gas Capture and Combustion project,ERF125236,Carbon Credits (Carbon Farming Initiative - Landfill Gas) Methodology Determination 2015,https://www.legislation.gov.au/Details/F2015L00059,Waste,This project installs a new landfill gas collection system to capture and combust gas generated at the landfill from legacy and non-legacy waste.,27/11/2018,Western Australia,6390,n/a,n/a,n/a,n/a,n/a,No,n/a,No,No,n/a,n/a,1/12/2018,CAC152817,"104,013","104,013",0,0,0,0,0,0,0,0,"14,298","43,456","46,259",0,VEOLIA RECYCLING & RECOVERY ANZ PTY LIMITED,0,0,0,0,0,0,0,0,0,0,0,0,0,0,n/a,0,n/a
ALFA (NT) Limited,South East Arnhem Land Fire Abatement Project (SEALFA) Project,ERF101624,Carbon Credits (Carbon Farming Initiative - Emissions Abatement through Savanna Fire Management) Methodology Determination 2015,https://www.legislation.gov.au/Details/F2015L00344,Savanna Burning,This project involves strategic and planned burning of savanna areas in the high rainfall zone during the early dry season to reduce the risk of late dry season wild fires.,18/8/2015,Northern Territory,822,"1646



This project is in the East Arnhem,Roper Gulf local government area.",https://www.cleanenergyregulator.gov.au/DocumentAssets/Documents/ERF-Mapping-Files/ERF101624.kml,n/a,n/a,Yes,No,n/a,No ,No,n/a,n/a,1/11/2015,CAC102494,"302,539","302,539",0,0,0,0,"92,022","59,949","3,556","40,495","39,503",0,"67,014",0,Alfa (NT) Limited,0,0,0,0,0,0,0,0,0,0,0,0,0,0,n/a,0,25/01/2017 Variation of project method - from Carbon Credits (Carbon Farming Initiative)(Reduction of Greenhouse Gas Emissions through Early Dry Season Savanna Burning-1.1) Methodology Determination 2013 to Carbon Credits (Carbon Farming Initiative - Emissions Abatement through Savanna Fire Management) Methodology Determination 2015.
EDL LFG (NSW) Pty Ltd,Jacks Gully Landfill Gas Project,EOP100059,Carbon Credits (Carbon Farming Initiative - Electricity Generation from Landfill Gas) Methodology Determination 2021,https://www.legislation.gov.au/Details/F2021L01254,Waste,This project transitioned from a revoked ('CFI') method and continues to capture and combust gas generated at the landfill from legacy and non-legacy waste.,13/11/2012,New South Wales,2570,n/a,n/a,n/a,n/a,n/a,No,n/a,No,No,n/a,n/a,n/a,n/a,"381,415","381,415",0,"62,124","38,455","47,823","34,640",0,"37,823","63,898","33,698",0,"62,954",0,EDL LFG (NSW) Pty Ltd,0,0,0,0,0,0,0,0,0,0,0,0,0,0,n/a,0,"16/09/2015 Variation of project method - from the Carbon Farming (Capture and Combustion of Methane in Landfill Gas from Legacy Waste) Methodology Determination 2012 to the Carbon Credits (Carbon Farming Initiative - Landfill Gas) Methodology Determination 2015

11/02/2022 Variation of project method - from Carbon Credits (Carbon Farming Initiative - Landfill Gas) Methodology Determination 2015 (F2015L00059) to Carbon Credits (Carbon Farming Initiative - Electricity Generation from Landfill Gas) Methodology Determination 2021 (F2022L00049).

20/09/2022. This project was contracted in Apr-15 and CAC405488 has now been completed."
EDL LFG (VIC) Pty Ltd,Brooklyn Landfill Gas Project,EOP100099,Carbon Credits (Carbon Farming Initiative-Electricity Generation from Landfill Gas) Methodology Determination 2021,https://www.legislation.gov.au/Details/F2022C00231,Waste,This project transitioned from a revoked ('CFI') method and continues to capture and combust gas generated at the landfill from legacy and non-legacy waste.,20/12/2012,Victoria,3012,n/a,n/a,n/a,n/a,n/a,No,n/a,No,No,n/a,n/a,n/a,n/a,"398,677","398,677",0,"69,347","43,513","45,929","39,464",0,"43,454","69,262","31,359",0,"56,349",0,EDL LFG (VIC) Pty Ltd,0,0,0,0,0,0,0,0,0,0,0,0,0,0,n/a,0,"16/09/2015 Variation of project method - from the Carbon Farming (Capture and Combustion of Methane in Landfill Gas from Legacy Waste) Methodology Determination 2012 to the Carbon Credits (Carbon Farming Initiative - Landfill Gas) Methodology Determination 2015

17/02/2022 Variation of project method - from Carbon Credits (Carbon Farming Initiative - Landfill Gas) Methodology Determination 2015 (F2015L00059) to Carbon Credits (Carbon Farming Initiative - Electricity Generation from Landfill Gas) Methodology Determination 2021 (F2022L00049).

20/09/2022. This project was contracted in Apr-15 and CAC405488 has now been completed."
EDL LFG (NSW) Pty Ltd,Eastern Creek Landfill Gas Project,EOP100103,Carbon Credits (Carbon Farming Initiative - Electricity Generation from Landfill Gas) Methodology Determination 2021,https://www.legislation.gov.au/Details/F2021L01254,Waste,This project transitioned from a revoked ('CFI') method and continues to capture and combust gas generated at the landfill from legacy and non-legacy waste.,13/11/2012,New South Wales,2766,n/a,n/a,n/a,n/a,n/a,No,n/a,No,No,n/a,n/a,n/a,n/a,"344,217","344,217",0,"70,998","45,258","44,906","36,560",0,"35,261","46,317","23,009",0,"41,908",0,EDL LFG (NSW) Pty Ltd,0,0,0,0,0,0,0,0,0,0,0,0,0,0,n/a,0,"16/09/2015 Variation of project method - from the Carbon Farming (Capture and Combustion of Methane in Landfill Gas from Legacy Waste) Methodology Determination 2012 to the Carbon Credits (Carbon Farming Initiative - Landfill Gas) Methodology Determination 2015

11/02/2022 Variation of project method - from Carbon Credits (Carbon Farming Initiative - Landfill Gas) Methodology Determination 2015 (F2015L00059) to Carbon Credits (Carbon Farming Initiative - Electricity Generation from Landfill Gas) Methodology Determination 2021 (F2022L00049).

20/09/2022. This project was contracted in Apr-15 and CAC405488 has now been completed."
EDL LFG (QLD) Pty Ltd,Browns Plains Landfill Gas Project,EOP100191,Carbon Credits (Carbon Farming Initiative-Electricity Generation from Landfill Gas) Methodology Determination 2021,https://www.legislation.gov.au/Details/F2022C00231,Waste,This project upgrades an existing landfill gas collection system to capture and combust gas generated at the landfill from legacy and non-legacy waste.,11/4/2013,Queensland,4118,n/a,n/a,n/a,n/a,n/a,No,n/a,No,No,n/a,n/a,n/a,n/a,"137,545","137,545",0,"25,336","6,325","8,033","12,412",0,"9,002","25,886","17,361",0,"33,190",0,EDL LFG (QLD) Pty Ltd,0,0,0,0,0,0,0,0,0,0,0,0,0,0,n/a,0,"16/09/2015 Variation of project method - from the Carbon Farming (Capture and Combustion of Methane in Landfill Gas from Legacy Waste) Methodology Determination 2012 to the Carbon Credits (Carbon Farming Initiative - Landfill Gas) Methodology Determination 2015

16/02/2022 Variation of project method - from Carbon Credits (Carbon Farming Initiative - Landfill Gas) Methodology Determination 2015 (F2015L00059) to Carbon Credits (Carbon Farming Initiative - Electricity Generation from Landfill Gas) Methodology Determination 2021 (F2022L00049).

20/09/2022. This project was contracted in Apr-15 and CAC403360 has now been completed."
Terra Carbon Pty Limited,Darling River Conservation Initiative Site #9,ERF132688,Carbon Credits (Carbon Farming Initiative) (Human-Induced Regeneration of a Permanent Even-Aged Native Forest - 1.1) Methodology Determination 2013,https://www.legislation.gov.au/Details/F2018C00125,Vegetation,This project establishes permanent native forests through assisted regeneration from in-situ seed sources (including rootstock and lignotubers) on land that was cleared of vegetation and where regrowth was suppressed for at least 10 years prior to the project having commenced.,6/6/2019,New South Wales,2840,"243/DP767601, 3888/DP766361, 3889/DP766362



This project is in the BOURKE SHIRE COUNCIL local government area.",https://www.cleanenergyregulator.gov.au/DocumentAssets/Documents/ERF-Mapping-Files/ERF132688.kml,https://www.cleanenergyregulator.gov.au/DocumentAssets/Documents/ERF-CEA-Mapping-Files/ERF132688_CEA.zip,n/a,Yes,No,There is no carbon maintenance obligation on this project area,No,No,100,25/11/2120,n/a,n/a,"194,277","194,277",0,0,0,0,0,0,0,0,"88,811","39,570","65,896",0,Terra Carbon Pty Limited,0,0,0,0,0,0,0,0,0,0,0,0,0,0,n/a,0,22/05/2015 Variation of project name - from The Bluff Human-Induced Regeneration Project to Darling River Eco Corridor 23.
EDL LFG (NSW) Pty Ltd,Grange Avenue Landfill Gas Project,EOP100629,Carbon Credits (Carbon Farming Initiative - Electricity Generation from Landfill Gas) Methodology Determination 2021,https://www.legislation.gov.au/Details/F2021L01254,Waste,This project transitioned from a revoked ('CFI') method and continues to capture and combust gas generated at the landfill from legacy and non-legacy waste.,1/11/2012,New South Wales,2765,n/a,n/a,n/a,n/a,n/a,No,n/a,No,No,n/a,n/a,n/a,n/a,"184,522","184,522",0,"28,626","17,258","21,137","20,547",0,"20,279","31,274","17,467",0,"27,934",0,EDL LFG (NSW) Pty Ltd,0,0,0,0,0,0,0,0,0,0,0,0,0,0,n/a,0,"16/09/2015 Variation of project method - from the Carbon Farming (Capture and Combustion of Methane in Landfill Gas from Legacy Waste) Methodology Determination 2012 to the Carbon Credits (Carbon Farming Initiative - Landfill Gas) Methodology Determination 2015.

11/02/2022 Variation of project method - from Carbon Credits (Carbon Farming Initiative - Landfill Gas) Methodology Determination 2015 (F2015L00059) to Carbon Credits (Carbon Farming Initiative - Electricity Generation from Landfill Gas) Methodology Determination 2021 (F2022L00049).

20/09/2022. This project was contracted in Apr-15 and CAC403360 has now been completed."
Terra Carbon Pty Limited,Arbon - Tooligie - Human Induced Regeneration,EOP100275,Carbon Credits (Carbon Farming Initiative) (Human-Induced Regeneration of a Permanent Even-Aged Native Forest - 1.1) Methodology Determination 2013,https://www.legislation.gov.au/Details/F2015C00576,Vegetation,This project establishes permanent native forests through assisted regeneration from in-situ seed sources (including rootstock and lignotubers) on land that was cleared of vegetation and where regrowth was suppressed for at least 10 years prior to the project having commenced.,11/12/2013,South Australia,5633,"18/H551200, 22/H551200, 3/D30843, 37/H551200



This project is in the Elliston local government area.",https://www.cleanenergyregulator.gov.au/DocumentAssets/Documents/ERF-Mapping-Files/EOP100275.kml,https://www.cleanenergyregulator.gov.au/DocumentAssets/Documents/ERF-CEA-Mapping-Files/EOP100275_CEA.zip,n/a,Yes,No,There is no carbon maintenance obligation on this project area,No,No,100,29/6/2116,1/4/2016,CAC102286,"157,925","157,925",0,0,0,"60,077",0,"37,189",0,"5,804","18,756","18,482","17,617",0,Terra Carbon Pty Limited,0,0,0,0,0,0,0,0,0,0,0,0,0,0,n/a,0,"24/07/2014 Variation to the project area - areas have been added to the project

17/08/2015 Variation to the project area - areas have been added to the project

9/09/2015 Variation to the participant name - from Arbon, Andrew and Arbon, Debra to Terra Carbon Pty Limited."
Umlilo Holdings Pty Ltd as trustee for CC Stage 3 Agricultural Trust,Yarraden Station,EOP100852,Carbon Credits (Carbon Farming Initiative) (Reduction of Greenhouse Gas Emissions through Early Dry Season Savanna Burning - 1.1) Methodology Determination 2013,https://www.legislation.gov.au/Details/F2013L01165,Savanna Burning,This project involves the strategic and planned burning of savanna areas during the early dry season to reduce the risk of late dry season wild fires.,16/12/2014,Queensland,4871,"10/SP113659



This project is in the Cook local government area.",https://www.cleanenergyregulator.gov.au/DocumentAssets/Documents/ERF-Mapping-Files/EOP100852.kml,n/a,n/a,Yes,No,n/a,No,No,n/a,n/a,1/11/2015,CAC102469,"58,430","58,430",0,0,0,0,"17,430","1,811",0,"11,104",0,0,"28,085",0,COUNTRY CARBON PTY. LTD.; Terra Carbon Pty Limited; Umlilo Holdings Pty Ltd as trustee for CC Stage 3 Agricultural Trust,0,0,0,0,0,0,0,0,0,0,0,0,0,0,n/a,0,"6/05/2022 Variation of project name from Country Carbon Pty Ltd to Terra Carbon Pty Ltd.



02/06/2023 Variation of project name from Terra Carbon Pty Ltd to Umlilo Holdings Pty Ltd as trustee for CC Stage 3 Agricultural Trust."
Terra Carbon Pty Limited,Darling River Eco Corridor 5,ERF103140,Carbon Credits (Carbon Farming Initiative) (Human-Induced Regeneration of a Permanent Even-Aged Native Forest - 1.1) Methodology Determination 2013,https://www.legislation.gov.au/Details/F2016C00281,Vegetation,This project establishes permanent native forests through assisted regeneration from in-situ seed sources (including rootstock and lignotubers) on land that was cleared of vegetation and where regrowth was suppressed for at least 10 years prior to the project having commenced.,9/6/2016,New South Wales,2840,"1739/DP764062, 2541/DP764564



This project is in the Bourke local government area.",https://www.cleanenergyregulator.gov.au/DocumentAssets/Documents/ERF-Mapping-Files/ERF103140.kml,https://www.cleanenergyregulator.gov.au/DocumentAssets/Documents/ERF-CEA-Mapping-Files/ERF103140_CEA.zip,n/a,Yes,No,There is no carbon maintenance obligation on this project area,No,No,100,22/6/2117,1/4/2016,CAC630494,"174,997","174,997",0,0,0,0,"17,629","24,022","25,953","27,011","27,209","26,982","26,191",0,Terra Carbon Pty Limited,0,0,0,0,0,0,0,0,0,0,0,0,0,0,n/a,0,n/a
Terra Carbon Pty Limited,Curranyalpa Human-Induced Regeneration Project,ERF101269,Carbon Credits (Carbon Farming Initiative) (Human-Induced Regeneration of a Permanent Even-Aged Native Forest - 1.1) Methodology Determination 2013,https://www.legislation.gov.au/Details/F2015C00576,Vegetation,This project establishes permanent native forests through assisted regeneration from in-situ seed sources (including rootstock and lignotubers) on land that was cleared of vegetation and where regrowth was suppressed for at least 10 years prior to the project having commenced.,24/6/2015,New South Wales,2840,"3/DP755565, 4549/DP767655, 2/DP755598, 1/DP755565



This project is in the Cobar local government area.",https://www.cleanenergyregulator.gov.au/DocumentAssets/Documents/ERF-Mapping-Files/ERF101269.kml,https://www.cleanenergyregulator.gov.au/DocumentAssets/Documents/ERF-CEA-Mapping-Files/ERF101269_CEA.zip,n/a,Yes,No,There is no carbon maintenance obligation on this project area,No,No,100,29/9/2116,1/4/2016,CAC102137,"211,490","199,872",0,0,0,0,"64,644","27,059","21,636","30,195","19,774","18,791","17,773",0,Terra Carbon Pty Limited,0,"11,618",0,0,0,0,"11,618",0,0,0,0,0,0,0,Terra Carbon Pty Limited,0,n/a
Cairns Regional Council,Cairns Regional Council - Portsmith Landfill Gas Project,EOP100640,Carbon Credits (Carbon Farming Initiative - Landfill Gas) Methodology Determination 2015,https://www.legislation.gov.au/Details/F2021C00494,Waste,This project installs a new landfill gas collection system on or later 1 July 2010 to collect gas generated from waste that was accepted at the facility before 1 July 2012 (legacy waste) and combust the gas using a flare.,11/2/2014,Queensland,4870,n/a,n/a,n/a,n/a,n/a,No,n/a,No,No,n/a,n/a,n/a,n/a,"63,116","63,116",0,"12,084","5,383","6,600",0,"6,552","5,847","6,108","5,946","10,966","3,630",0,Cairns Regional Council,0,0,0,0,0,0,0,0,0,0,0,0,0,0,n/a,0,"10/06/2016 This project was contracted in Apr-16 and CAC102466 has now been completed.

1/07/2022 Variation of project method - from Carbon Farming (Capture and Combustion of Methane in Landfill Gas from Legacy Waste) Methodology Determination 2012 (F2012L01688) to the Carbon Credits (Carbon Farming Initiative - Landfill Gas) Methodology Determination 2015 (F2021C00494) ."
Terra Carbon Pty Limited,Maranoa Ecosystem Conservation Project,ERF101930,Carbon Credits (Carbon Farming Initiative - Avoided Clearing of Native Regrowth) Methodology Determination 2015,https://www.legislation.gov.au/Details/F2015L00164,Vegetation,This project avoids clearing of native forest that is permitted to be cleared on land that has historically been subject to clearing.,8/3/2016,Queensland,4454,"1/DL299, 2/DL305



This project is in the Maranoa local government area.",https://www.cleanenergyregulator.gov.au/DocumentAssets/Documents/ERF-Mapping-Files/ERF101930.kml,https://www.cleanenergyregulator.gov.au/DocumentAssets/Documents/ERF-CEA-Mapping-Files/ERF101930_CEA.zip,n/a,Yes,No,There is no carbon maintenance obligation on this project area,No,No,100,18/12/2116,1/4/2016,CAC100911,"157,446","157,446",0,0,0,0,"92,601","11,466","11,035","14,673","9,715","9,216","8,740",0,Terra Carbon Pty Limited,0,0,0,0,0,0,0,0,0,0,0,0,0,0,n/a,0,n/a
PIC AUSTRALASIA PTY LTD,Bonnie Doon Piggery Bioenergy Project,ERF168319,Carbon Credits (Carbon Farming Initiative - Animal Effluent Management) Methodology Determination 2019,https://www.legislation.gov.au/Details/F2020L00005,Agriculture,This project collects and combusts methane generated from animal effluent at an emissions destruction treatment facility.,7/12/2021,New South Wales,2652,n/a,n/a,n/a,n/a,n/a,No,n/a,Yes,No,n/a,n/a,n/a,n/a,0,0,0,0,0,0,0,0,0,0,0,0,0,0,n/a,0,0,0,0,0,0,0,0,0,0,0,0,0,0,n/a,0,n/a
