Carbon Abatement Contract ID,Contractor Name,Project(s),Project ID,Delivery Obligation,Original volume of abatement committed under contract,Current volume of abatement committed under Optional Delivery contract,Volume of abatement sold to the Commonwealth under contract,Delivery period in years (as set out in the contract),"Total contract length,including time to fulfil Conditions Precedent (as set out in the contract)",Actual contract duration from commencement date,Actual contract duration from contract date,Subject to Conditions Precedent at time of contract,Actual contract end date,Status,Auction date
CAC100911,Terra Carbon Pty Limited,Maranoa Ecosystem Conservation Project,ERF101930,Fixed Delivery,179818,,146129,10.00,10.00,,,No,,Active,Apr-16
CAC101886,LMS Energy Pty Ltd,Rockhampton Landfill Gas Project,ERF157317,Fixed Delivery,149000,,21000,7.00,7.00,,,No,,Active,Apr-21
CAC101947,Graham Kenny Pty Ltd as trustee for the Kenny Discretionary Trust,DAC201507,ERF101942,Fixed Delivery,138000,,121300,10.00,11.22,,,Yes,,Active,Nov-15
CAC101978,Global Renewables Eastern Creek Pty Ltd,Eastern Creek UR3R Facility,EOP100182,Fixed Delivery,1107584,,872037,7.00,7.00,6.97,6.97,No,1/11/2022,Completed,Nov-15
CAC101989,Kimbriki Environmental Enterprises Pty Ltd,Kimbriki LFG Flare Project,ERF101977,Fixed Delivery,79000,,79000,7.00,7.64,6.82,7.46,Yes,27/4/2023,Completed,Nov-15
CAC102002,Clean Energy Technology Holdings Pty. Ltd.,Clean Energy Technology Lighting,ERF101869,Fixed Delivery,2400000,,258163,7.00,7.00,5.63,5.63,No,29/6/2021,Lapsed/Terminated,Nov-15
CAC102010,HALO NATURE RESERVES PTY LTD,Pingine Regeneration Project,EOP101165,Fixed Delivery,186995,,136247,10.00,11.13,,,Yes,,Active,Nov-15
CAC102017,Visy Paper Pty. Ltd. as the trustee for Southern Paper Converters Trust,Visy Paper Reservoir Energy Efficiency Project,EOP101163,Fixed Delivery,17500,,17500,7.00,7.00,6.84,6.84,No,7/3/2023,Completed,Apr-16
CAC102030,Quantum Power Limited,Mindarra Bioenergy Project,ERF101901,Fixed Delivery,140000,,0,7.00,8.49,0.00,1.49,Yes,9/5/2017,Lapsed/Terminated,Nov-15
CAC102040,JDI (Australia) Pty Limited as the Trustee for Dunk Property Investment Trust,Warroo Regeneration Project,ERF101730,Fixed Delivery,131545,,85782,10.00,10.63,,,Yes,,Active,Nov-15
CAC102065,Richard Nielsen,Bally Castle Regeneration Project,ERF101230,Fixed Delivery,272800,,183953,10.00,10.60,,,Yes,,Active,Nov-15
CAC102071,Phillip Ridge,"Jandra/Nulty Regeneration Project
Wapweelah Regeneration Project","ERF101511
ERF101517",Fixed Delivery,1183497,,818497,10.00,10.18,,,Yes,,Active,Nov-15
CAC102100,Adelaide Brighton Cement Limited,Birkenhead Additional Wood Firing Project,ERF101774,Fixed Delivery,143484,,77984,7.19,7.82,,,Yes,,Active,Nov-15
CAC102104,Terra Carbon Pty Limited,Brindingabba HumanInduced Regeneration Project,EOP101242,Fixed Delivery,367241,,258863,10.00,10.00,,,No,,Active,Apr-16
CAC102122,Byron Shire Council,Capture and Combustion of Landfill Gas at Myocum Landfill,EOP100177,Fixed Delivery,15333,,15138,7.32,7.32,7.31,7.31,No,2/3/2023,Completed,Nov-15
CAC102127,Terra Carbon Pty Limited,Lynwood Native Forest Protection Project,EOP101233,Fixed Delivery,439718,,265696,10.00,10.00,,,No,,Active,Apr-16
CAC102128,Terra Carbon Pty Limited,Tanbar Native Forest Protection Project,EOP101241,Fixed Delivery,1234336,,882250,10.00,10.00,,,No,,Active,Apr-16
CAC102131,Terra Carbon Pty Limited,Bloodwood Native Forest Protection Project,ERF101645,Fixed Delivery,287948,,212141,10.00,10.00,,,No,,Active,Apr-16
CAC102132,Terra Carbon Pty Limited,Kaleno Native Forest Protection Project,ERF101920,Fixed Delivery,924533,,479019,10.00,10.00,,,No,,Active,Apr-16
CAC102135,Terra Carbon Pty Limited,Moolakar HumanInduced Regeneration Project,ERF101278,Fixed Delivery,395624,,289547,10.00,10.00,,,No,,Active,Apr-16
CAC102137,Terra Carbon Pty Limited,Curranyalpa HumanInduced Regeneration Project,ERF101269,Fixed Delivery,221813,,164266,10.00,10.00,,,No,,Active,Apr-16
CAC102138,Terra Carbon Pty Limited,Morton Plains HumanInduced Regeneration Project,ERF101395,Fixed Delivery,339641,,246546,10.00,10.00,,,No,,Active,Apr-16
CAC102139,Terra Carbon Pty Limited,Dungarvan HumanInduced Regeneration Project,ERF101403,Fixed Delivery,314931,,228942,10.00,10.00,,,No,,Active,Apr-16
CAC102140,Terra Carbon Pty Limited,Maureenjoy HumanInduced Regeneration Project,ERF101380,Fixed Delivery,258923,,189251,10.00,10.00,,,No,,Active,Apr-16
CAC102141,Terra Carbon Pty Limited,Inverness HumanInduced Regeneration Project,ERF101492,Fixed Delivery,331045,,226193,10.00,10.00,,,No,,Active,Apr-16
CAC102142,Terra Carbon Pty Limited,Rose Isle HumanInduced Regeneration Project,ERF101641,Fixed Delivery,190158,,114458,10.00,10.00,,,No,,Active,Apr-16
CAC102146,Terra Carbon Pty Limited,Lakemere HumanInduced Regeneration Project,ERF101409,Fixed Delivery,210897,,123012,10.00,10.00,,,No,,Active,Apr-16
CAC102147,EDL Projects (Australia) Pty Ltd,Grosvenor Waste Coal Mine Gas Power Station,EOP101247,Fixed Delivery,740406,,518516,7.00,8.48,,,Yes,,Active,Nov-15
CAC102169,Terra Carbon Pty Limited,Boonora Downs HumanInduced Regeneration Project,ERF101674,Fixed Delivery,198733,,138774,10.00,10.00,,,No,,Active,Apr-16
CAC102179,PACIFIC NATIONAL PTY LTD,Pacific National Fuel Savings Program,ERF102156,Fixed Delivery,362500,,160000,7.00,8.50,,,Yes,,Active,Nov-15
CAC102188,Gregory Standfield,Barcheka Regeneration Project,ERF101477,Fixed Delivery,60400,,53000,7.21,7.82,,,Yes,,Active,Nov-15
CAC102189,Adrian Schmidt; Sally Schmidt,Baroona Regeneration Project,ERF101261,Fixed Delivery,181765,,134062,10.00,10.61,,,Yes,,Active,Nov-15
CAC102192,Robert Mudford,North West Regeneration Project,ERF101671,Fixed Delivery,183000,,113000,10.00,10.61,,,Yes,,Active,Nov-15
CAC102193,Boothulla Cattle Company Pty. Ltd. as Trustee for the Boothulla Family Trust,Boothulla Regeneration Project,ERF101249,Fixed Delivery,639200,,404850,10.00,11.49,,,Yes,,Active,Nov-15
CAC102195,Anne Osborne; Sally Turner,Clovelly Regeneration Project,ERF101318,Fixed Delivery,124462,,74673,10.00,10.99,,,Yes,,Active,Nov-15
CAC102196,Grimwade & Gordon Land Pty Ltd as Trustee for Grimwade & Gordon Land Trust,Congararra Regeneration Project,ERF101251,Fixed Delivery,276824,,186906,11.01,11.61,,,Yes,,Active,Nov-15
CAC102204,Karen Bailey; Charles Bailey,Curragh Regeneration Project,ERF101626,Fixed Delivery,343018,,156606,12.00,12.00,,,No,,Active,Nov-15
CAC102207,John Wheaton,Corrie Downs Regeneration Project,ERF101718,Fixed Delivery,94072,,69967,10.00,10.61,,,Yes,,Active,Nov-15
CAC102208,Charles Mitchell; Janice Mitchell,Gambolalley Regeneration Project,ERF101630,Fixed Delivery,87821,,62000,10.00,11.05,,,Yes,,Active,Nov-15
CAC102209,MG & SM Van de Ven Pty. Limited,Gumbo Regeneration Project,ERF101710,Fixed Delivery,80683,,60713,10.00,10.61,,,Yes,,Active,Nov-15
CAC102210,SLM (ALF) GARRAWIN PTY LTD,Garrawin Gumahah Regeneration Project,ERF101802,Fixed Delivery,892258,,574951,10.00,10.61,,,Yes,,Active,Nov-15
CAC102211,NINAL VENTURES PTY LTD,Colac Beltram Munberry Haredean (CBMH) Regeneration Project,ERF101800,Fixed Delivery,1060255,,471892,10.00,11.50,,,Yes,,Active,Nov-15
CAC102213,S & R McDonald Pty Ltd as the Trustee for McDonald & Sons Family Trust,Mayfield Regeneration Project,ERF101788,Fixed Delivery,104911,,68945,10.00,11.13,,,Yes,,Active,Nov-15
CAC102214,NINAL VENTURES PTY LTD,Armoobilla Regeneration Project,ERF101794,Fixed Delivery,411885,,166150,10.00,11.50,,,Yes,,Active,Nov-15
CAC102215,William Samuel Brown as the Trustee for Kalm Family Trust,Nantilla Regeneration Project,ERF101229,Fixed Delivery,514246,,308000,10.00,10.60,,,Yes,,Active,Nov-15
CAC102216,Rodney Boal; Kaylene Boal,Poon Boon Regeneration Project,ERF101228,Fixed Delivery,148610,,101589,10.00,10.61,,,Yes,,Active,Nov-15
CAC102218,Brian Bambrick; Leanne Bambrick,Stanbert Regeneration Project,ERF101437,Fixed Delivery,174811,,137893,10.00,10.61,,,Yes,,Active,Nov-15
CAC102219,Paul Evans,Tambua Regeneration Project,ERF101323,Fixed Delivery,233684,,152055,10.00,10.61,,,Yes,,Active,Nov-15
CAC102220,Grant Cooney; Fay Cooney,Tarko Regeneration Project,ERF101507,Fixed Delivery,115107,,68745,10.00,11.13,,,Yes,,Active,Nov-15
CAC102221,Andrew McInnerney; Leanne McInnerney,Ularunda Regeneration Project,ERF101525,Fixed Delivery,183907,,129396,10.00,11.50,,,Yes,,Active,Nov-15
CAC102223,David Keane,Waverley Downs Regeneration Project,ERF101430,Fixed Delivery,212952,,149652,10.00,10.61,,,Yes,,Active,Nov-15
CAC102243,Terra Carbon Pty Limited,Lynwood HumanInduced Regeneration Project,ERF101280,Fixed Delivery,649678,,475466,10.00,10.00,,,No,,Active,Apr-16
CAC102267,KARBILL PTY LTD,Glengeera Forest Regeneration Project,ERF101545,Fixed Delivery,191331,,126951,10.00,10.61,,,Yes,,Active,Nov-15
CAC102268,Anthony Jackson,Hillview Park Regeneration Project,ERF101824,Fixed Delivery,71717,,49424,10.00,11.50,,,Yes,,Active,Nov-15
CAC102270,VISION PASTORAL COMPANY PTY LIMITED,Kilcowera and Zenonie Forest Regeneration Project,ERF101776,Fixed Delivery,411092,,281082,10.00,11.50,,,Yes,,Active,Nov-15
CAC102271,Alan Pulsford; Therese Pulsford,Bierbank and Lanherne Regeneration Project,ERF101308,Fixed Delivery,86576,,47586,10.00,11.13,,,Yes,,Active,Nov-15
CAC102272,WEEMABAH PTY LTD,Moombidary Forest Regeneration Project,ERF101548,Fixed Delivery,1213670,,829468,10.00,11.50,,,Yes,,Active,Nov-15
CAC102278,David Snelson,Yarrawonga Cobar Regeneration Project,ERF101651,Fixed Delivery,144302,,90750,10.00,10.61,,,Yes,,Active,Nov-15
CAC102279,Benjamin Mason; Petra Mason,Yenloora Regeneration Project,ERF101759,Fixed Delivery,279130,,181866,10.00,11.50,,,Yes,,Active,Nov-15
CAC102280,Woolworths Group Limited,Project Enlighten,ERF101573,Fixed Delivery,418209,,230604,7.34,7.34,,,No,,Active,Apr-16
CAC102284,Lynette Lee; Andrew Edwards,Warana Regeneration Project,ERF101706,Fixed Delivery,153296,,49382,10.00,10.61,,,Yes,,Active,Nov-15
CAC102285,Kurrajong Partners Pty Ltd,Joonderee and Elmina Regeneration Project,ERF101865,Fixed Delivery,501011,,273681,10.00,11.50,,,Yes,,Active,Nov-15
CAC102286,Terra Carbon Pty Limited,Arbon  Tooligie  Human Induced Regeneration,EOP100275,Fixed Delivery,288585,,161840,10.00,10.00,,,No,,Active,Apr-16
CAC102289,Terra Carbon Pty Limited,Kaleno HumanInduced Regeneration Project,ERF101319,Fixed Delivery,280854,,217868,10.00,10.00,,,No,,Active,Apr-16
CAC102290,Tacora Agri Pty Ltd,Boobera Carbon Project,ERF101805,Fixed Delivery,55685,,55685,10.00,11.50,3.90,5.40,Yes,6/4/2021,Completed,Nov-15
CAC102291,Bignell Pty. Ltd. as the Trustee for the B B Bignell Family Trust,Wambin Carbon Project,ERF101830,Fixed Delivery,70871,,51541,10.00,11.13,,,Yes,,Active,Nov-15
CAC102301,Stuart Timothy Keane and Jocelyn Margaret Keane as the Trustees for Willara Partners Family Trust,Yarrawonga Willara Forest Regeneration Project,ERF101535,Fixed Delivery,238644,,196121,10.00,10.61,,,Yes,,Active,Nov-15
CAC102303,Ndevr Carbon Reductions Pty Ltd,MSM Milling Biomass Fuel Switch Project,ERF101892,Fixed Delivery,21900,,21900,7.00,8.50,0.52,2.03,Yes,23/11/2017,Completed,Nov-15
CAC102306,BIOME 5 PTY LTD,Thiaki Rainforest Restoration,EOP100652,Fixed Delivery,20554,,20554,3.00,3.00,2.29,2.29,No,20/8/2018,Completed,Apr-16
CAC102313,Terra Carbon Pty Limited,Myroolia HumanInduced Regeneration Project,EOP101262,Fixed Delivery,379724,,276859,10.00,10.00,,,No,,Active,Apr-16
CAC102315,Kassiotis Investments Pty Ltd,Richmond Regeneration Project,ERF101654,Fixed Delivery,90964,,63430,11.56,11.55,,,No,,Active,Nov-15
CAC102316,Warwick Bramhall,Coronga Peak Regeneration Project,ERF101727,Fixed Delivery,134061,,80850,10.00,10.00,,,No,,Active,Nov-15
CAC102320,Arthur Kennerley; Evelyne Kennerley,Miden Regeneration Project,ERF101369,Fixed Delivery,65247,,31459,14.00,14.00,,,No,,Active,Nov-15
CAC102321,Corporate Carbon Solutions Pty Ltd,Mt Mulgrave Savanna Burning Project,ERF102090,Fixed Delivery,203000,,70900,10.00,10.00,,,No,,Active,Nov-15
CAC102325,Rivalea (Australia) Pty Ltd,Rivalea Corowa Module 5 Piggery Biogas Project,EOP100553,Fixed Delivery,112000,,97000,7.00,7.00,6.98,6.98,No,4/11/2022,Completed,Nov-15
CAC102330,Charles I.F.E. Proprietary Limited,Berrybank Farm  Methane to Energy Project,EOP101075,Fixed Delivery,35000,,35000,7.00,7.14,6.92,7.07,Yes,6/12/2022,Completed,Nov-15
CAC102333,Corporate Carbon Solutions Pty Ltd,CPC Savanna Burning Project,ERF102048,Fixed Delivery,715000,,164590,11.64,11.63,,,No,,Active,Nov-15
CAC102334,Country Carbon Pty. Ltd.,Artemis Station,EOP100719,Fixed Delivery,112800,,22560,10.00,10.00,,,No,,Active,Nov-15
CAC102335,Corporate Carbon Solutions Pty Ltd,Batavia Savanna Burning Project,ERF102099,Fixed Delivery,245000,,73500,10.00,10.00,,,No,,Active,Nov-15
CAC102336,Corporate Carbon Solutions Pty Ltd,Mainoru Savanna Burning Project,ERF101753,Fixed Delivery,75000,,47000,10.00,10.00,,,No,,Active,Nov-15
CAC102337,SM Project Company Pty Ltd,Goulburn Bioenergy Project,ERF101715,Fixed Delivery,100000,,35439,7.00,8.39,,,Yes,,Active,Nov-15
CAC102339,COFFS HARBOUR CITY COUNCIL,The Coffs Harbour City Council Landfill Legacy Emissions Avoidance Project,EOP100243,Fixed Delivery,21382,,12873,7.51,7.51,,,No,,Active,Apr-16
CAC102344,Country Carbon Pty. Ltd.,Bamboo Station,EOP101068,Fixed Delivery,63000,,0,10.00,10.00,,,No,,Active,Apr-16
CAC102345,Country Carbon Pty. Ltd.,Bramwell Station,EOP100739,Fixed Delivery,107200,,42880,10.00,10.00,,,No,,Active,Nov-15
CAC102349,Silverback Properties Pty Ltd as the Trustee for Terri Irwin Family Trust,Steve Irwin Wildlife Reserve Savanna Burning Project,ERF101756,Fixed Delivery,31500,,31500,1.00,1.00,1.00,1.00,No,12/11/2016,Completed,Nov-15
CAC102350,LGI Limited,"University Drive Landfill Gas Project
Hervey Bay Landfill Gas Project","EOP101084
EOP101085",Fixed Delivery,128800,,101600,7.00,7.63,6.97,7.60,Yes,19/6/2023,Completed,Nov-15
CAC102352,Cuttaburra CSP Pty Ltd as the Trustee for the McGrath Family Trust,Wancobra Regeneration Project,ERF101326,Fixed Delivery,109985,,71248,10.00,11.13,,,Yes,,Active,Nov-15
CAC102353,Veolia Environmental Services (Australia) Pty Ltd,Ti Tree Energy Generation Project,ERF101356,Fixed Delivery,570051,,397251,7.32,7.32,7.29,7.28,No,24/2/2023,Completed,Nov-15
CAC102356,Country Carbon Pty. Ltd.,Conways Station,EOP100999,Fixed Delivery,60539,,25875,10.00,10.00,,,No,,Active,Nov-15
CAC102357,Country Carbon Pty. Ltd.,Fairlight Station,EOP100732,Fixed Delivery,91037,,25297,10.00,10.00,,,No,,Active,Nov-15
CAC102358,Country Carbon Pty. Ltd.,Highbury Station,EOP100768,Fixed Delivery,173962,,74151,10.00,10.00,,,No,,Active,Nov-15
CAC102362,Corporate Carbon Solutions Pty Ltd,Nulla Carbon,ERF101849,Fixed Delivery,557414,,299103,10.00,11.50,,,Yes,,Active,Nov-15
CAC102366,Country Carbon Pty. Ltd.,Holroyd Station,EOP100851,Fixed Delivery,353810,,92795,10.00,10.00,,,No,,Active,Nov-15
CAC102367,Wesfarmers Limited,Wesfarmers LED Lighting Project,ERF102042,Fixed Delivery,104927,,104927,7.32,7.32,7.26,7.26,No,14/2/2023,Completed,Nov-15
CAC102368,Country Carbon Pty. Ltd.,Merluna Station,EOP100704,Fixed Delivery,286847,,150366,10.00,10.00,,,No,,Active,Nov-15
CAC102369,Corporate Carbon Solutions Pty Ltd,Rockwell Regeneration Project,ERF101425,Fixed Delivery,2500000,,508094,11.64,11.63,,,No,,Active,Nov-15
CAC102370,Corporate Carbon Solutions Pty Ltd,Quilpeta Regeneration Project,ERF101341,Fixed Delivery,2500000,,233137,11.64,11.63,,,No,,Active,Nov-15
CAC102371,Corporate Carbon Solutions Pty Ltd,Warrego Carbon Project,ERF101907,Fixed Delivery,150000,,87000,10.00,10.00,,,No,,Active,Nov-15
CAC102372,Corporate Carbon Solutions Pty Ltd,Fish River Fire Project,EOP100517,Fixed Delivery,115000,,115000,5.00,5.00,4.48,4.48,No,5/5/2020,Completed,Nov-15
CAC102373,Corporate Carbon Solutions Pty Ltd,Merepah Fire Project,EOP100772,Fixed Delivery,95000,,95000,5.00,5.00,4.48,4.48,No,5/5/2020,Completed,Nov-15
CAC102378,Corporate Carbon Solutions Pty Ltd,Norman River Carbon Project,EOP101150,Fixed Delivery,2225000,,33094,11.17,12.63,,,Yes,,Active,Nov-15
CAC102379,Corporate Carbon Solutions Pty Ltd,Western Sydney Waste Diversion Project,EOP101191,Fixed Delivery,125000,,95000,7.00,8.47,,,Yes,,Active,Nov-15
CAC102382,Corporate Carbon Solutions Pty Ltd,Steere Murchison Carbon Project,ERF101749,Fixed Delivery,750000,,203094,11.64,11.63,,,No,,Active,Nov-15
CAC102383,Paniri Ventures Pty Ltd,Longdowns Regeneration Project,ERF101812,Fixed Delivery,2500000,,1122528,10.00,10.00,,,No,,Active,Nov-15
CAC102385,Corporate Carbon Solutions Pty Ltd,Dogwood Carbon Project,ERF101808,Fixed Delivery,500000,,234000,10.00,10.00,,,No,,Active,Nov-15
CAC102388,Corporate Carbon Solutions Pty Ltd,Sandalwood Carbon Project,ERF101952,Fixed Delivery,1500000,,26942,11.17,12.63,,,Yes,,Active,Nov-15
CAC102390,Corporate Carbon Solutions Pty Ltd,Waratah Resource Recovery Project,ERF102232,Fixed Delivery,500000,,228000,7.00,8.47,,,Yes,,Active,Nov-15
CAC102391,Corporate Carbon Solutions Pty Ltd,Industrial Carbon Emissions Reduction,ERF102191,Fixed Delivery,1000000,,327643,7.00,8.47,,,Yes,,Active,Nov-15
CAC102392,Corporate Carbon Solutions Pty Ltd,Intermodal Emissions Reduction Project,ERF102258,Fixed Delivery,700000,,305104,7.00,8.47,,,Yes,,Active,Nov-15
CAC102394,DEVINE AGRIBUSINESS CARBON PTY LTD,DAC201503,ERF101475,Fixed Delivery,300500,,231111,10.00,10.80,,,Yes,,Active,Nov-15
CAC102395,DEVINE AGRIBUSINESS CARBON PTY LTD,DAC201524,ERF102126,Fixed Delivery,43500,,43500,10.00,11.47,0.18,1.65,Yes,6/7/2017,Completed,Nov-15
CAC102396,DEVINE AGRIBUSINESS CARBON PTY LTD,DAC201514,ERF101953,Fixed Delivery,121500,,95702,10.00,11.47,,,Yes,,Active,Nov-15
CAC102397,DEVINE AGRIBUSINESS CARBON PTY LTD,DAC201515,ERF101954,Fixed Delivery,283500,,156716,10.00,11.47,,,Yes,,Active,Nov-15
CAC102399,DEVINE AGRIBUSINESS CARBON PTY LTD,DAC201521,ERF101961,Fixed Delivery,450000,,0,10.00,11.47,0.00,1.47,Yes,1/5/2017,Lapsed/Terminated,Nov-15
CAC102402,DEVINE AGRIBUSINESS CARBON PTY LTD,DAC201501,ERF101401,Fixed Delivery,226500,,150727,10.00,11.55,,,Yes,,Active,Nov-15
CAC102403,DEVINE AGRIBUSINESS CARBON PTY LTD,DAC201517,ERF101956,Fixed Delivery,151000,,126548,10.00,11.47,,,Yes,,Active,Nov-15
CAC102407,Oratara Pastoral Pty Ltd as the Trustee for Oratara Pastoral Trust,DAC201523,ERF102124,Fixed Delivery,520000,,408180,10.00,11.22,,,Yes,,Active,Nov-15
CAC102411,DEVINE AGRIBUSINESS CARBON PTY LTD,DAC201508,ERF101959,Fixed Delivery,332900,,277300,10.00,11.22,,,Yes,,Active,Nov-15
CAC102412,DEVINE AGRIBUSINESS CARBON PTY LTD,DAC201502,ERF101472,Fixed Delivery,497000,,443000,10.00,10.80,,,Yes,,Active,Nov-15
CAC102414,DEVINE AGRIBUSINESS CARBON PTY LTD,DAC201510,ERF101962,Fixed Delivery,173000,,139544,10.00,11.47,,,Yes,,Active,Nov-15
CAC102415,DEVINE AGRIBUSINESS CARBON PTY LTD,DAC201512,ERF101963,Fixed Delivery,56400,,56400,10.00,11.47,0.95,2.42,Yes,12/4/2018,Completed,Nov-15
CAC102416,DEVINE AGRIBUSINESS CARBON PTY LTD,DAC201513,ERF101964,Fixed Delivery,152500,,152500,10.00,11.47,0.47,1.95,Yes,24/10/2017,Completed,Nov-15
CAC102423,LGI Limited,Hawkesbury Landfill Gas Project,ERF101539,Fixed Delivery,47400,,47400,6.00,6.00,5.48,5.48,No,4/5/2021,Completed,Nov-15
CAC102432,DEVINE AGRIBUSINESS CARBON PTY LTD,Canegrass Carbon Farming Project 2,EOP100934,Fixed Delivery,59600,,37874,10.00,11.22,,,Yes,,Active,Nov-15
CAC102433,DEVINE AGRIBUSINESS CARBON PTY LTD,Kulki Carbon Farming Project,EOP100508,Fixed Delivery,164100,,88221,10.00,10.00,,,No,,Active,Nov-15
CAC102435,DEVINE AGRIBUSINESS CARBON PTY LTD,Wallal Carbon Farming Project 1,EOP100868,Fixed Delivery,39200,,39200,5.00,6.22,2.86,4.09,Yes,13/12/2019,Completed,Nov-15
CAC102439,AAK PUUL NGANTAM LTD.,Savanna Burning Investment Ready Project  Cape York Pilot Aurukun,EOP100972,Fixed Delivery,60000,,60000,5.00,5.00,4.55,4.54,No,28/5/2020,Completed,Nov-15
CAC102443,EDL (OCI) Pty Limited,Oaky Creek 2 Waste Coal Mine Gas Power Station,EOP101244,Fixed Delivery,26576,,26576,1.00,2.48,0.79,2.28,Yes,21/2/2018,Completed,Nov-15
CAC102452,Country Carbon Pty. Ltd.,Drumduff Station,EOP100767,Fixed Delivery,184000,,54881,10.00,10.00,,,No,,Active,Nov-15
CAC102453,Country Carbon Pty. Ltd.,Southwell Station,EOP100539,Fixed Delivery,216000,,77427,10.00,10.00,,,No,,Active,Nov-15
CAC102455,Jawoyn Association Aboriginal Corporation,Jawoyn Fire Project,EOP100639,Fixed Delivery,18000,,18000,6.00,6.00,5.65,5.65,No,6/7/2021,Completed,Nov-15
CAC102460,Country Carbon Pty. Ltd.,Springvale Station,EOP100962,Fixed Delivery,20000,,8636,10.00,10.00,,,No,,Active,Nov-15
CAC102462,David Quinn; Raymond Quinn,Hickleton Station Forest Regeneration,ERF101927,Fixed Delivery,88647,,70672,10.00,10.89,,,Yes,,Active,Nov-15
CAC102464,Country Carbon Pty. Ltd.,Strathburn Station,EOP100917,Fixed Delivery,268000,,134000,10.00,10.00,,,No,,Active,Nov-15
CAC102466,Cairns Regional Council,Cairns Regional Council  Portsmith Landfill Gas Project,EOP100640,Fixed Delivery,5383,,5383,1.00,1.00,0.10,0.10,No,10/6/2016,Completed,Apr-16
CAC102467,Country Carbon Pty. Ltd.,Wolverton Station,EOP100944,Fixed Delivery,97206,,46611,10.00,10.00,,,No,,Active,Nov-15
CAC102469,Country Carbon Pty. Ltd.,Yarraden Station,EOP100852,Fixed Delivery,86400,,25920,10.00,10.00,,,No,,Active,Nov-15
CAC102472,Veolia Environmental Services (Australia) Pty Ltd,Woodlawn Energy Generation Project,ERF101358,Fixed Delivery,560000,,465000,7.00,7.00,7.02,7.01,No,17/11/2022,Completed,Nov-15
CAC102477,Sunpork Commercial Piggeries Pty Ltd,Tong Park Piggery Bioenergy Project,EOP100261,Fixed Delivery,109083,,106790,7.00,7.00,6.47,6.47,No,25/10/2022,Completed,Apr-16
CAC102478,Kowanyama Aboriginal Shire Council,Oriners & Sefton Savanna Burning Project,EOP100959,Fixed Delivery,36000,,36000,4.00,4.00,2.50,2.50,No,11/5/2018,Completed,Nov-15
CAC102482,Cefn Energy Pty Ltd,Cefn R & D Biogas,ERF101514,Fixed Delivery,84000,,84000,7.00,7.16,6.99,7.15,Yes,5/1/2023,Completed,Nov-15
CAC102483,Country Carbon Pty. Ltd.,Inkerman Station,EOP101071,Fixed Delivery,288000,,96449,10.00,10.61,,,Yes,,Active,Nov-15
CAC102484,Country Carbon Pty. Ltd.,Dorunda Station,EOP101072,Fixed Delivery,98400,,90360,10.00,10.61,,,Yes,,Active,Nov-15
CAC102485,Country Carbon Pty. Ltd.,Vanrook Station,EOP101070,Fixed Delivery,184000,,73600,10.00,10.44,,,Yes,,Active,Nov-15
CAC102489,ALFA (NT) Limited,West Arnhem Land Fire Abatement (WALFA) Project,EOP100945,Fixed Delivery,500000,,250000,10.00,11.40,,,Yes,,Active,Nov-15
CAC102491,Country Carbon Pty. Ltd.,Watson River Station,ERF101444,Fixed Delivery,131440,,34160,10.00,10.61,,,Yes,,Active,Nov-15
CAC102492,ALFA (NT) Limited,Central Arnhem Land Fire Abatement (CALFA) Project,EOP100947,Fixed Delivery,1284000,,804000,10.00,10.00,,,No,,Active,Nov-15
CAC102493,Country Carbon Pty. Ltd.,Harkness Station,ERF101400,Fixed Delivery,144000,,14506,10.00,10.61,,,Yes,,Active,Nov-15
CAC102494,ALFA (NT) Limited,South East Arnhem Land Fire Abatement Project (SEALFA) Project,ERF101624,Fixed Delivery,230000,,130000,10.00,11.40,,,Yes,,Active,Nov-15
CAC102499,Country Carbon Pty. Ltd.,Balurga Station,ERF101408,Fixed Delivery,80000,,8000,10.00,10.61,,,Yes,,Active,Nov-15
CAC102508,Neill Leigo; Debra Leigo,Paroowidgee Regeneration Project,ERF101702,Fixed Delivery,91705,,53563,10.00,10.61,,,Yes,,Active,Nov-15
CAC102524,Enviroguard Pty Limited,Erskine Park Landfill Gas Project,EOP101225,Fixed Delivery,373004,,373004,5.00,5.00,5.00,4.99,No,10/11/2020,Completed,Nov-15
CAC102596,James Lewis,Banbansprings_FPA1,EOP100225,Fixed Delivery,22000,,19000,8.00,8.00,,,No,,Active,Apr-16
CAC102597,James Lewis,Western Top End Fire Management Project Area A,ERF101660,Fixed Delivery,160000,,0,8.00,9.50,0.00,1.50,Yes,4/11/2017,Lapsed/Terminated,Apr-16
CAC102600,James Lewis,Western Top End Area C,ERF102075,Fixed Delivery,24000,,24000,7.00,8.47,4.85,6.32,Yes,8/3/2022,Completed,Nov-15
CAC102616,Jon Mooring; Kerri Mooring; M B MCKINNON & COMPANY PTY LTD,North Comongin Regeneration Project,ERF101781,Fixed Delivery,504052,,100510,13.99,15.14,,,Yes,,Active,Apr-16
CAC102621,Beautiful Gold International Pty Limited,Kenilworth Regrowth Project,ERF101721,Fixed Delivery,415710,,266278,10.00,10.93,,,Yes,,Active,Nov-15
CAC102622,Dale Grace,Mulganey Regrowth Project,ERF101684,Fixed Delivery,90174,,63300,10.00,10.93,,,Yes,,Active,Nov-15
CAC102623,Select Carbon Pty Ltd,Kingbolt Regeneration Project,ERF101733,Fixed Delivery,72068,,34775,10.00,10.45,,,Yes,,Active,Apr-16
CAC102740,Steven Bentick; Helen Bentick; David Walker,Bora Regeneration Project,EOP101114,Fixed Delivery,214005,,108733,10.00,10.00,,,No,,Active,Apr-16
CAC102845,Mathew Farrell; Megan Barker,Cougar Regeneration Project,ERF101971,Fixed Delivery,64764,,35063,10.00,10.93,,,Yes,,Active,Nov-15
CAC102858,Christopher Leeds,Narran Yarramanbar Regeneration Project,ERF105136,Fixed Delivery,334052,,53888,12.50,14.37,,,Yes,,Active,Nov-16
CAC106616,CARBON REGENERATION PTY LTD,Native woodland regeneration project RYA21,ERF169305,Optional Delivery,116400,109500,0,10.00,10.00,,,No,,Active,Apr-22
CAC107173,Waste Management Pacific (S.A.) Pty Limited,Inkerman Landfill Gas Abatement Project,EOP101224,Fixed Delivery,411514,,411514,5.00,5.00,4.51,4.51,No,10/11/2020,Completed,Apr-16
CAC110118,Raymond Taylor,Yarronvale HumanInduced Regeneration Project,ERF118295,Fixed Delivery,220074,,93072,10.00,11.50,,,Yes,,Active,Dec-17
CAC113876,Terra Carbon Pty Limited,Argyle Native Forest Protection Project,EOP101086,Fixed Delivery,269860,,209260,10.00,10.00,,,No,,Active,Apr-15
CAC114629,Warren John Wall and Judith May Wall as Trustee for the Wall Family Trust,Goonamurra & Carpet Springs Regeneration Project,ERF168039,Optional Delivery,126739,126739,0,10.00,10.00,,,No,,Active,Oct-21
CAC116146,Terra Carbon Pty Limited,Ashwood Native Forest Protection Project,EOP100580,Fixed Delivery,1250863,,997554,10.00,10.00,,,No,,Active,Apr-15
CAC120527,LMS Energy Pty Ltd,"Blaxland Landfill Gas Project
Bromelton Landfill Gas Project
Dulverton Landfill Gas Project","EOP101204
EOP101206
EOP101207",Fixed Delivery,180000,,173985,6.00,6.00,5.91,5.91,No,21/10/2022,Completed,Nov-16
CAC120531,Terra Carbon Pty Limited,Bedooba Native Forest Protection Project,EOP100810,Fixed Delivery,248905,,183302,10.00,10.00,,,No,,Active,Apr-15
CAC120855,The Trust Company (Australia) Limited as the Trustee for Tasmanian Forest Operating Sub Trust,Forico 2020 ERF Plantation Projects,ERF157376,Optional Delivery,102440,81952,0,10.00,10.00,,,No,,Active,Sep-20
CAC121137,Kia Ora Piggery Pty Ltd,Kia Ora Piggery Methane Capture and Destruction Project,EOP100563,Fixed Delivery,120000,,101500,8.21,8.21,8.11,8.11,No,31/5/2023,Completed,Apr-15
CAC125605,Country Carbon Pty Ltd,Limbunya & Maryfield Stations,ERF103014,Fixed Delivery,111000,,0,10.00,11.15,0.00,1.15,Yes,30/6/2017,Lapsed/Terminated,Apr-16
CAC128435,MENANGINA PTY LTD,Gindalbie Station Regeneration Project,ERF124168,Fixed Delivery,31500,,0,3.00,7.03,0.91,3.11,Yes,28/1/2022,Lapsed/Terminated,Dec-18
CAC130408,Colm Dempsey,Woodstock Regeneration Project,ERF102171,Fixed Delivery,101046,,47722,10.00,10.69,,,Yes,,Active,Nov-16
CAC130427,Domenico Grieco,Oakvale Native Forest Protection Project,EOP100635,Fixed Delivery,241965,,241965,7.39,7.39,7.42,7.42,No,23/9/2022,Completed,Apr-15
CAC134104,Robert Homewood,Wondinong Station Regeneration Project,ERF123773,Fixed Delivery,6000,,0,2.00,6.03,0.91,3.11,Yes,28/1/2022,Lapsed/Terminated,Dec-18
CAC137406,Gregory Hollis; Veronica Milligan,"Glenariff Native Forest Protection Project
Runnymede Regeneration Project","EOP100568
EOP100548",Fixed Delivery,281493,,175172,7.53,7.53,,,No,,Active,Apr-15
CAC139389,Pormpuraaw Aboriginal Shire Council,Raak Nguunge,EOP100813,Fixed Delivery,30000,,30000,7.00,7.00,3.29,3.29,No,6/8/2018,Completed,Apr-15
CAC140565,Terra Carbon Pty Limited,Darling River Conservation Initiative Site #12,ERF159764,Optional Delivery,135460,135200,192,10.00,10.00,,,No,,Active,Oct-21
CAC141634,James Lewis,Western Top End Fire Management Project Area B,ERF101662,Fixed Delivery,190000,,0,8.00,9.10,0.40,1.50,Yes,23/5/2018,Lapsed/Terminated,Nov-16
CAC142665,DEWS PASTORAL HOLDINGS PTY LTD,Yalbalgo Station Forest Regeneration Project,ERF158284,Optional Delivery,400000,322117,0,10.00,10.00,,,No,,Active,Sep-20
CAC143500,LMS Energy Pty Ltd,"Eastern Creek 2 Landfill Gas Project
Hallam Landfill Gas Project
South Cardup Landfill Gas Project
Swanbank Landfill Gas Project","EOP100163
EOP100093
EOP100109
EOP100172",Fixed Delivery,3526278,,3526278,7.00,7.00,6.51,6.51,No,28/10/2021,Completed,Apr-15
CAC144472,Terra Carbon Pty Limited,Bloomfield Native Forest Protection Project,EOP100828,Fixed Delivery,483574,,365536,10.00,10.00,,,No,,Active,Apr-15
CAC144816,AI CARBON PROJECTS NO 3 PTY LTD,Siam Station,ERF173288,Optional Delivery,264441,264441,0,10.00,10.00,,,No,,Active,Apr-22
CAC147775,Terra Carbon Pty Limited,Catchment Conservation AllianceSouthern Rivers Initiative,ERF103309,Fixed Delivery,5500000,,184113,13.15,13.15,,,No,,Active,Apr-16
CAC148372,REGENCO PTY LTD,WA Carbon Cattle Conservation Project #102821 Gun,ERF167704,Optional Delivery,330000,330000,0,10.00,10.00,,,No,,Active,Mar-23
CAC150306,Terra Carbon Pty Limited,Paroo River Ecosystem Restoration Project,ERF103139,Fixed Delivery,150339,,67745,10.00,10.89,,,Yes,,Active,Dec-17
CAC151431,Phillip Ridge,Booka Regeneration Project,ERF162691,Optional Delivery,81789,81789,0,10.00,10.00,,,No,,Active,Apr-22
CAC152817,VEOLIA RECYCLING & RECOVERY ANZ PTY LIMITED,North Bannister Landfill Gas Capture and Combustion project,ERF125236,Fixed Delivery,375000,,102080,7.00,7.96,,,Yes,,Active,Dec-18
CAC154354,Deborah Nielsen; Richard Nielsen,Turra Forest Regeneration Project,ERF103081,Optional Delivery,183107,102001,0,10.00,10.00,,,No,,Active,Sep-20
CAC155846,AI CARBON PROJECTS NO 3 PTY LTD,AI Carbon No 3 EP YS,ERF168128,Optional Delivery,892161,892161,0,10.00,10.00,,,No,,Active,Oct-21
CAC162610,AI CARBON WA NO.2 PTY LTD,AIC HIR WA2 NOOKS,ERF166896,Optional Delivery,644928,644928,0,10.00,10.00,,,No,,Active,Oct-21
CAC163129,Cleanaway Solid Waste Pty Ltd,Banksia Landfill Gas Abatement Project,EOP101222,Fixed Delivery,791855,,791855,7.00,7.00,6.21,6.21,No,19/7/2022,Completed,Apr-16
CAC164482,NAP NAP STATION PTY. LIMITED,Nap Nap Station Landscape Project,ERF168124,Optional Delivery,70000,70000,0,10.00,10.00,,,No,,Active,Oct-21
CAC164941,LMS Energy Pty Ltd,"Buderim Landfill Gas Project
Cessnock Landfill Gas Project
Copping Landfill Gas Project
Drysdale Landfill Gas Project
Maitland Landfill Gas Project
NAWMA Landfill Gas Project
Stuart Landfill Gas Project","EOP100101
EOP100648
EOP100649
EOP100162
EOP100651
EOP100657
EOP100235",Fixed Delivery,385393,,385393,7.00,7.00,6.51,6.51,No,27/10/2021,Completed,Apr-15
CAC166391,Terra Carbon Pty Limited,Bogan Downs Native Forest Protection Project,EOP101056,Fixed Delivery,298424,,246451,10.00,10.00,,,No,,Active,Apr-15
CAC170795,Terra Carbon Pty Limited,Darling River Eco Corridor 7,ERF103313,Fixed Delivery,244697,,93889,10.00,10.00,,,No,,Active,Apr-16
CAC171002,LGI Limited,Toowoomba Waste Management Centre  Landfill Gas Project  2019,ERF143389,Fixed Delivery,198611,,20958,7.00,8.40,,,Yes,,Active,Dec-17
CAC172932,FC McKerrow Pty. Ltd. as the Trustee for the FC McKerrow Family Trust,Bareeda Regeneration Project,ERF110732,Optional Delivery,371969,306867,0,10.00,10.00,,,No,,Active,Oct-21
CAC175258,LMS Energy Pty Ltd,Wollongong Landfill Gas Upgrade Project,ERF150376,Fixed Delivery,150000,,16208,7.00,8.48,,,Yes,,Active,Mar-20
CAC176776,Port Macquarie Hastings Council,"Port Macquarie Hastings Council Avoided Emissions from Diverting Legacy Waste from Landfill through a Mechanical Processing, Separation, and Stabilisation, and Enclosed Aerobic Composting Alternative Waste Treatment Facility",EOP100519,Fixed Delivery,110300,,78000,7.00,7.00,7.13,7.13,No,20/6/2023,Completed,Apr-16
CAC178159,Australian Integrated Carbon Financial Services Pty Ltd,"Byro Station, Murchison HIR Aggregation",ERF159557,Optional Delivery,725861,725861,0,10.00,10.00,,,No,,Active,Sep-20
CAC178523,Australian Integrated Carbon Financial Services Pty Ltd,Biodiverse Carbon Conservation,EOP101147,Fixed Delivery,10000,,10000,3.00,3.98,1.94,2.93,Yes,11/4/2019,Completed,Apr-16
CAC178664,Pilbara Carbon Group Pty Ltd,Pilbara Restoration project,ERF106179,Fixed Delivery,4000000,,0,10.00,11.48,0.00,1.48,Yes,16/5/2018,Lapsed/Terminated,Nov-16
CAC181249,Woolabah Pty Ltd as the Trustee for the J Hanly Family Trust,Byzantium Induced Regeneration of Native Forest Project,ERF103066,Fixed Delivery,265000,,65899,10.00,10.49,,,Yes,,Active,Apr-16
CAC182517,ALFA (NT) Limited,North East Arnhem Land Fire Abatement (NEALFA),ERF106185,Fixed Delivery,100000,,100000,10.00,10.60,0.18,0.78,Yes,6/9/2017,Completed,Nov-16
CAC182772,Marie Newton; Robert Newton,Oakleigh Native Forest Protection Project,EOP100633,Fixed Delivery,12000,,12000,3.00,3.00,2.56,2.56,No,14/11/2017,Completed,Apr-15
CAC183221,TINDAREY STATION PTY LTD,Darling Downs Regeneration Project,ERF183392,Optional Delivery,131414,131414,0,10.00,10.00,,,No,,Active,Mar-23
CAC183281,Barry Francisco,Norma Vale Regeneration,ERF173173,Optional Delivery,85686,85686,0,10.00,10.00,,,No,,Active,Mar-23
CAC185102,D. & C. GERAGHTY PTY LTD,Yerilla & Menangina Station Regeneration Project,ERF121690,Fixed Delivery,4000,,0,2.00,5.62,0.58,4.19,Yes,27/2/2023,Completed,Dec-18
CAC189259,DEVINE AGRIBUSINESS CARBON PTY LTD,DAC201522,ERF102121,Fixed Delivery,40000,,0,10.00,11.47,0.00,1.47,Yes,1/10/2018,Lapsed/Terminated,Apr-17
CAC192027,North Western Holdings Pty Ltd,Lenroy Regeneration Project,EOP100996,Fixed Delivery,216000,,216000,7.00,7.00,7.05,7.05,No,12/5/2022,Completed,Apr-15
CAC193849,Craig Harvey; Helen Dunbar,Pinnacles Regeneration Project,ERF121727,Fixed Delivery,15000,,0,1.00,6.11,,,Yes,,Active,Dec-18
CAC194219,ACCU Asset Management Pty Ltd,Carbon Conscious Carbon Capture Project 1,EOP100636,Fixed Delivery,110138,,110138,7.00,7.00,6.09,6.09,No,25/5/2021,Completed,Apr-15
CAC195675,Our Energy Group Pty Limited,Wollongong Coal Mine Waste Methane Project,ERF102130,Fixed Delivery,744000,,0,7.00,8.44,0.00,1.44,Yes,1/5/2018,Lapsed/Terminated,Nov-16
CAC197358,Sustainable Energy Infrastructure Pty Ltd as trustee for Sustainable Energy Infrastructure Trust,Gosnells Landfill Gas Abatement Facility,EOP100249,Fixed Delivery,41000,,39500,7.87,7.87,7.84,7.84,No,27/2/2023,Completed,Apr-15
CAC198274,Terra Carbon Pty Limited,Darling River Eco Corridor 3,ERF103005,Fixed Delivery,352895,,202927,10.00,10.00,,,No,,Active,Apr-16
CAC198503,Sustainable Energy Infrastructure Pty Ltd as trustee for Sustainable Energy Infrastructure Trust,Glenorchy Landfill Gas Abatement Facility,EOP100247,Fixed Delivery,179000,,167000,7.87,7.87,7.84,7.84,No,27/2/2023,Completed,Apr-15
CAC201436,ACCU Asset Management Pty Ltd,Carbon Conscious Carbon Capture Project 2,EOP100638,Fixed Delivery,278150,,164947,10.00,10.12,,,Yes,,Active,Dec-18
CAC201966,Gold Fields Australia Pty Limited,Granny Smith Gas Power Station,EOP101217,Fixed Delivery,85845,,70976,7.00,8.32,,,Yes,,Active,Apr-16
CAC203884,Sustainable Energy Infrastructure Pty Ltd as trustee for Sustainable Energy Infrastructure Trust,Rockingham Landfill Gas Abatement Facility,EOP100246,Fixed Delivery,510000,,479800,7.87,7.87,7.84,7.84,No,27/2/2023,Completed,Apr-15
CAC205237,Michael Lennon,Victo and Murrumbah Station HumanInduced Regeneration Project,ERF111095,Fixed Delivery,166722,,0,10.00,11.50,0.00,2.13,Yes,31/5/2019,Lapsed/Terminated,Apr-17
CAC205502,Geoffrey Pattison; Colleen Pattison,Ouida Station HumanInduced Regeneration Project,ERF105137,Fixed Delivery,132642,,69725,10.00,10.98,,,Yes,,Active,Nov-16
CAC206856,Wyuna Ag Co Pty Ltd,Arlington Regeneration Project,ERF169613,Optional Delivery,152010,152010,0,10.00,10.00,,,No,,Active,Apr-22
CAC207884,AGL Energy Services Pty Limited,Kincumber Landfill Gas Abatement Facility,EOP100582,Fixed Delivery,65000,,65000,7.11,7.11,7.18,7.18,No,29/6/2022,Completed,Apr-15
CAC210760,AGL Energy Services Pty Limited,Woy Woy Landfill Gas Abatement Facility,EOP100584,Fixed Delivery,130000,,130000,7.11,7.11,7.18,7.18,No,29/6/2022,Completed,Apr-15
CAC212701,Terrence Stevens,Lake Barlee Regeneration Project,ERF124160,Fixed Delivery,60000,,21000,10.00,12.99,,,Yes,,Active,Dec-18
CAC212763,Giuseppe Callo,Bunnawarra Station Regeneration Project,ERF123898,Fixed Delivery,68710,,18950,7.00,9.11,,,Yes,,Active,Dec-18
CAC214411,REGENCO PTY LTD,WA Carbon Cattle Conservation Project #071921,ERF167183,Optional Delivery,500000,500000,0,10.00,10.00,,,No,,Active,Mar-23
CAC216640,WAGGA WAGGA CITY COUNCIL,Wagga Landfill Gas Abatement Facility,EOP100248,Fixed Delivery,23500,,23500,7.00,7.00,7.05,7.05,No,10/5/2022,Completed,Apr-15
CAC218909,K1N Farming Pty Ltd,Warbreccan Regeneration Project,ERF121758,Fixed Delivery,195044,,52337,10.00,11.94,,,Yes,,Active,Dec-18
CAC218963,AI CARBON PROJECTS NO 3 PTY LTD,AI Carbon No.3 NSW PS,ERF168132,Optional Delivery,279032,279032,0,10.00,10.00,,,No,,Active,Oct-21
CAC219164,AUSTRALIAN WILDLIFE CONSERVANCY,Wongalara Carbon Abatement,ERF103013,Fixed Delivery,5000,,5000,1.00,1.00,0.01,0.01,No,19/12/2017,Completed,Dec-17
CAC219187,John Bull,Kinchela Regeneration Project,EOP100570,Fixed Delivery,216500,,157190,10.00,10.00,,,No,,Active,Apr-15
CAC219417,William Cowley,Oudabunna Station Regeneration Project,ERF121678,Fixed Delivery,3458,,3458,1.00,3.11,0.05,2.16,Yes,16/2/2021,Completed,Dec-18
CAC226989,Lindsay Newton,Mount Oxley Native Forest Protection Project,EOP100666,Fixed Delivery,158800,,158800,7.00,7.00,7.05,7.05,No,10/5/2022,Completed,Apr-15
CAC229852,ALFA (NT) Limited,North East Arnhem Land Fire Abatement (NEALFA),ERF106185,Fixed Delivery,360000,,135000,9.00,9.00,,,No,,Active,Dec-17
CAC233854,Terra Carbon Pty Limited,Darling River Eco Corridor #29,ERF119524,Fixed Delivery,239996,,94064,10.00,10.89,,,Yes,,Active,Dec-17
CAC240515,AIC Projects (WA) Pty Ltd,AIC HIR WA Project 3,ERF164521,Optional Delivery,629505,618921,0,10.00,10.00,,,No,,Active,Apr-21
CAC244254,Colm Dempsey,Byrock Station Regrowth Project,EOP101115,Fixed Delivery,143907,,101434,10.00,10.00,,,No,,Active,Apr-15
CAC244817,Kendall River Station Pty Ltd,Kendall River Station,EOP100968,Fixed Delivery,50000,,50000,5.00,5.32,0.40,1.50,Yes,8/6/2021,Completed,Apr-17
CAC245097,Brett Norman; Leslie Watson; MaryAnne Watson; Peta Norman,The Range' Forest Regeneration Project,ERF105116,Fixed Delivery,237198,,120826,10.00,11.26,,,Yes,,Active,Nov-16
CAC245317,Tonkoro Pastoral Co Pty Ltd as the Trustee for the Tonkoro Pastoral Co Trust,Tonkoro Regeneration Project,ERF121771,Fixed Delivery,344845,,0,10.00,11.48,0.00,1.48,Yes,6/12/2019,Lapsed/Terminated,Jun-18
CAC248162,STACPOOLE PASTORAL HOLDINGS PTY LTD,Stacpoole Pastoral Holdings Forest Regeneration Project,ERF145074,Optional Delivery,330000,209262,0,10.00,10.00,,,No,,Active,Sep-20
CAC252285,Blantyre Farms Pty Limited,Blantyre Methane Digestion Project,EOP100112,Fixed Delivery,49000,,47569,7.39,7.39,0.40,1.50,No,21/10/2022,Completed,Apr-15
CAC253294,Kurrajong Partners Pty Ltd,Kenmore Regeneration Project,ERF126432,Optional Delivery,232181,212892,0,10.00,10.00,,,No,,Active,Sep-20
CAC254087,Veolia Environmental Services (Australia) Pty Ltd,"Horsley Park Landfill Gas Project
Natural Recovery Systems Composting Project
Ti Tree Gas to Energy Project
Wattle Glen Landfill Gas Project
Woodlawn Bioreactor Project","EOP100104
EOP100188
EOP100559
EOP100560
EOP100181",Fixed Delivery,330000,,282857,7.39,7.39,0.40,1.50,No,17/11/2022,Completed,Apr-15
CAC255224,Lindsay Bottom,Galambo Regeneration Project,EOP100992,Fixed Delivery,144500,,124288,10.00,10.00,,,No,,Active,Apr-15
CAC259716,Michael Moody,Yarmouth Regeneration Project,ERF103026,Fixed Delivery,351205,,84004,13.99,14.86,,,Yes,,Active,Apr-16
CAC260160,AI CARBON PROJECTS NO 3 PTY LTD,Klondyke Station,ERF173331,Optional Delivery,50667,50667,0,10.00,10.00,,,No,,Active,Apr-22
CAC261448,CARBON REGENERATION NO.1 PTY LTD,Native woodland regeneration project WOO21,ERF166168,Optional Delivery,229000,211700,0,10.00,10.00,,,No,,Active,Oct-21
CAC261503,NINAL VENTURES PTY LTD,Blinky Forest Carbon Project,ERF121336,Fixed Delivery,440000,,100000,10.00,11.50,,,Yes,,Active,Jun-18
CAC261558,Australian Integrated Carbon Financial Services Pty Ltd,Yallalong Station Murchison HIR Aggregation,ERF159238,Optional Delivery,384169,384169,0,10.00,10.00,,,No,,Active,Sep-20
CAC261673,Rivalea (Australia) Pty Ltd,Rivalea Module 3&4 Biogas Project,ERF118387,Fixed Delivery,240000,,57500,7.00,8.46,,,Yes,,Active,Dec-17
CAC263429,Terra Carbon Pty Limited,Western Australia Rangelands Conservation Initiative,ERF121763,Fixed Delivery,773364,,27600,12.00,14.04,,,Yes,,Active,Jun-18
CAC266244,Aneika Parker,Maranalgo Station Regeneration Project,ERF122226,Fixed Delivery,12500,,0,5.00,9.11,0.00,4.11,Yes,28/1/2023,Lapsed/Terminated,Dec-18
CAC279015,Country Carbon Pty. Ltd.,Curraghmore and Spring Hill Station,ERF103031,Fixed Delivery,40000,,8000,10.00,10.48,,,Yes,,Active,Apr-16
CAC279888,LOTON INVESTMENTS PTY LTD AS TRUSTEE FOR THE JR LOTON FAMILY TRUST,Wandina Pinegrove Regeneration Project,ERF123774,Fixed Delivery,13000,,0,2.00,5.11,0.00,3.11,Yes,28/1/2022,Lapsed/Terminated,Dec-18
CAC280397,Australian Integrated Carbon Financial Services Pty Ltd,"Yuin Station, Murchison HIR Aggregation",ERF159556,Optional Delivery,357699,357699,0,10.00,10.00,,,No,,Active,Sep-20
CAC282694,RENU ENERGY LIMITED,AJ Bush G4 Bioenergy Project,ERF111083,Fixed Delivery,180000,,0,7.00,8.50,0.00,2.00,Yes,12/4/2019,Lapsed/Terminated,Apr-17
CAC282794,Fox's of Cobar Pty Ltd as Trustee for the Fox Family Superannuation Fund,Lindermans Regeneration Project,EOP101037,Fixed Delivery,62500,,49500,10.00,10.00,,,No,,Active,Apr-15
CAC285250,AI CARBON PROJECTS NO 3 PTY LTD,Kootaberra Station,ERF173297,Optional Delivery,110845,110845,0,10.00,10.00,,,No,,Active,Apr-22
CAC286949,CO2 AUSTRALIA LIMITED,CO2 Australia  HumanInduced Regeneration Project  Stage 3,ERF111253,Fixed Delivery,495000,,0,10.00,11.50,1.39,2.89,Yes,5/11/2020,Lapsed/Terminated,Dec-17
CAC289927,E.G. BIGGS PASTORAL CO. PTY LTD,Narraburra Warranella Regeneration Project,ERF109568,Optional Delivery,63009,57099,0,10.00,10.00,,,No,,Active,Sep-20
CAC290748,DEVINE AGRIBUSINESS CARBON PTY LTD,DAC201505,ERF101957,Fixed Delivery,150250,,0,10.00,10.52,0.92,1.44,Yes,1/5/2018,Lapsed/Terminated,Nov-16
CAC291207,National Carbon Bank of Australia Pty Ltd,National Carbon Bank of Australia Commercial and Public Lighting ERF Aggregator Project,ERF158350,Optional Delivery,50000,31000,0,7.00,7.00,,,No,,Active,Sep-20
CAC292576,Carol Green,Barnato Regeneration Project,ERF172803,Optional Delivery,104373,104373,0,10.00,10.00,,,No,,Active,Apr-22
CAC293698,Windridge Farms Pty Ltd,Wonga/Templemore Methane Digestion Ponds,EOP100280,Fixed Delivery,38777,,38777,7.00,7.00,3.60,3.60,No,29/11/2018,Completed,Apr-15
CAC295639,Our Energy Group Pty Limited,Central Coast No. 2 CMWM Power Generation Project,ERF103271,Fixed Delivery,145000,,0,7.00,9.49,0.00,2.49,Yes,22/5/2019,Lapsed/Terminated,Nov-16
CAC297948,Usher Pastoral Company Pty Ltd,Norley Regeneration Project,ERF119548,Fixed Delivery,41813,,41813,1.00,1.00,0.00,0.00,No,2/10/2020,Completed,Sep-20
CAC298752,BlueLeafed Mallee Pty Ltd,BlueLeafed Mallee Project A,EOP100198,Fixed Delivery,228800,,188640,10.00,10.00,,,No,,Active,Apr-15
CAC300225,Terra Carbon Pty Limited,Darling River Conservation Initiative Site #11,ERF159497,Optional Delivery,183838,181686,368,10.00,10.00,,,No,,Active,Oct-21
CAC304660,Carbon Estate Pty Ltd,CO2 Australia Creating a Better Climate Project,EOP100627,Fixed Delivery,47000,,47000,9.00,9.00,5.59,5.59,No,9/12/2021,Completed,Apr-16
CAC308459,ALCAN GOVE PTY LIMITED,Gove Alternate Power Generation Project,ERF101428,Fixed Delivery,80000,,80000,1.00,1.00,0.84,0.84,No,16/2/2018,Completed,Apr-17
CAC308837,Carbon Estate Pty Ltd,"Carbon Estate  Creating a Better Climate
Carbon Estate  Creating a Better Climate  Stage 2","EOP100254
EOP100985",Fixed Delivery,55100,,46500,10.00,10.00,,,No,,Active,Apr-15
CAC310857,Corporate Carbon Solutions Pty Ltd,Olkola Ajin  Olkola Fire Project,EOP100960,Fixed Delivery,455000,,455000,7.00,7.00,6.74,6.74,No,18/1/2022,Completed,Apr-15
CAC311285,Karlantijpa North Kurrawarra Nyura Mala Aboriginal Corporation,The Karlantijpa North Savanna Burning Project,ERF104800,Fixed Delivery,24100,,24100,5.00,6.49,0.40,1.50,Yes,16/2/2021,Completed,Nov-16
CAC318667,AGRIPROVE SOLUTIONS PTY LTD,Rangelands Project,ERF103108,Fixed Delivery,3000000,,0,10.00,10.92,,,Yes,,Active,Nov-16
CAC319919,Terra Carbon Pty Limited,Darling River Eco Corridor #26,ERF107289,Fixed Delivery,300000,,150661,10.00,10.21,,,Yes,,Active,Apr-17
CAC322265,SLM (ALF) EUREKA PLAINS PTY LTD,Wiree Avoided Deforestation Project,ERF105144,Fixed Delivery,297000,,135000,10.00,11.48,,,Yes,,Active,Nov-16
CAC328854,Breakaway Pastoral Pty Ltd,Kirkalocka Station Regeneration Project,ERF123775,Fixed Delivery,90565,,25925,10.00,13.00,,,Yes,,Active,Dec-18
CAC333101,LGI Limited,"Cedars Road Landfill Gas Extraction and Combustion
Whylandra Waste and Recycling Centre Landfill Gas Project","EOP100518
EOP100510",Fixed Delivery,202246,,202246,7.00,7.00,6.44,6.44,No,30/9/2021,Completed,Apr-15
CAC333111,Victory Creek Pty Ltd,Sturt Meadows Regeneration Project,ERF121406,Fixed Delivery,530296,,0,10.00,13.62,0.00,3.62,Yes,28/1/2022,Lapsed/Terminated,Jun-18
CAC335896,SUNSET RANCH PTY LTD,Sunset Ranch Native Forest Protection Project,EOP100278,Fixed Delivery,463000,,452370,7.39,7.39,7.52,7.52,No,31/10/2022,Completed,Apr-15
CAC336810,CPC Piggeries Pty Ltd,Enviropower Investments Goondiwindi Piggery Project,EOP100634,Fixed Delivery,82000,,82000,7.00,7.00,5.02,5.02,No,29/4/2020,Completed,Apr-15
CAC342427,LGI Limited,"Capture and combustion of landfill gas from Benaraby Landfill project
Capture and Combustion of landfill gas from Saltwater Creek Landfill, Maryborough, QLD
Capture and Combustion of Landfill Gas from Willawong Landfill Project","EOP100086
EOP100516
EOP100180",Fixed Delivery,662596,,662596,7.00,7.00,6.78,6.78,No,3/2/2022,Completed,Apr-15
CAC342701,COONEYBAR STATION PTY LIMITED,Cooneybar Station Forest Regeneration Project,ERF104823,Fixed Delivery,269925,,0,10.00,11.26,0.00,1.26,Yes,27/2/2018,Lapsed/Terminated,Nov-16
CAC343062,AI CARBON PROJECTS NO 3 PTY LTD,Prenti Downs Station,ERF173232,Optional Delivery,247805,247805,0,10.00,10.00,,,No,,Active,Apr-22
CAC344628,LATROBE CITY COUNCIL,Hyland Highway Landfill Gas System Upgrade (Stage 1),ERF116688,Fixed Delivery,50000,,30000,7.00,7.00,,,No,,Active,Sep-20
CAC347612,JDI (Australia) Pty Limited as the Trustee for Dunk Property Investment Trust,Talyealye Regeneration Project,ERF173144,Optional Delivery,29882,29882,0,10.00,10.00,,,No,,Active,Apr-22
CAC350874,WATHOPA PTY LTD,Wathopa Regeneration Project,ERF182306,Optional Delivery,107813,107813,0,10.00,10.00,,,No,,Active,Mar-23
CAC351966,Corporate Carbon Solutions Pty Ltd,Muckleford Farm Carbon Project,EOP101155,Fixed Delivery,25000,,8000,10.00,11.36,,,Yes,,Active,Apr-15
CAC353122,Flowenol Mngt Pty. Ltd. as Trustee for the Flowenol Fund S,Glen Ailee Station Native Forest Protection Project,EOP100705,Fixed Delivery,5000,,5000,2.00,2.00,0.56,0.56,No,9/7/2019,Completed,Dec-18
CAC354122,Kingborough Council,Barretta Landfill Gas Project,ERF101638,Fixed Delivery,24000,,24000,1.00,1.00,0.72,0.72,No,5/9/2019,Completed,Dec-18
CAC354956,Sustainable Energy Infrastructure Pty Ltd as trustee for Sustainable Energy Infrastructure Trust,Hobart McRobies Gully Landfill Gas Abatement Facility,EOP100250,Fixed Delivery,89000,,84000,7.87,7.87,7.84,7.84,No,27/2/2023,Completed,Apr-15
CAC357614,Terra Carbon Pty Limited,Darling River Eco Corridor #32,ERF119591,Fixed Delivery,1669959,,79482,13.63,14.54,,,Yes,,Active,Dec-17
CAC358383,Kimbriki Environmental Enterprises Pty Ltd,Kimbriki Resource Recovery Project  FOGO Line,ERF103319,Fixed Delivery,17940,,0,7.00,8.32,0.00,1.32,Yes,1/9/2017,Lapsed/Terminated,Apr-16
CAC359972,S&L McIntosh Pty Ltd as the trustee for the McIntosh Family Trust,Kirby Flat Farm,ERF154496,Optional Delivery,21045,0,0,10.00,10.00,1.50,1.50,No,30/3/2022,Lapsed/Terminated,Sep-20
CAC362004,LMS Energy Pty Ltd,"Ballarat Landfill Gas Project
Bendigo Landfill Gas Project
Birkdale Landfill Gas Project
Mirabooka Landfill Gas Project
Mornington Landfill Gas Project
Shepparton Landfill Gas Project
Tweed Landfill Gas Project","EOP100161
EOP100187
EOP100091
EOP100106
EOP100167
EOP100186
EOP100165",Fixed Delivery,906223,,906223,7.00,7.00,7.01,7.01,No,28/4/2022,Completed,Apr-15
CAC362091,MIAOLI HOLDINGS PTY LTD,Springvale HumanInduced Regeneration Project,ERF111332,Fixed Delivery,68644,,0,10.00,11.50,0.00,1.50,Yes,12/10/2018,Lapsed/Terminated,Apr-17
CAC364235,Michael Marshman,Mullagalah Regeneration Project,EOP101098,Fixed Delivery,212000,,157000,10.00,10.00,,,No,,Active,Apr-15
CAC364817,Country Carbon Pty. Ltd.,Violet Vale Station,ERF103862,Fixed Delivery,30000,,0,10.00,10.85,,,Yes,,Active,Nov-16
CAC368807,VEOLIA RECYCLING & RECOVERY ANZ PTY LIMITED,Cairns Advanced Resource Recovery Technology (ARRT) Facility,EOP100237,Fixed Delivery,119412,,98648,7.39,7.39,7.57,7.57,No,17/11/2022,Completed,Apr-15
CAC369871,VEOLIA RECYCLING & RECOVERY ANZ PTY LIMITED,Kemps Creek SAWT Advanced Resource Recovery Technology (ARRT) Facility,EOP100236,Fixed Delivery,285247,,285247,7.00,7.00,6.63,6.63,No,9/12/2021,Completed,Apr-15
CAC373298,Nunyara Pty Ltd as the Trustee for Nunyara Unit Trust,Nooralaba Station Forest Regeneration Project,ERF105094,Fixed Delivery,208071,,121384,10.00,11.26,,,Yes,,Active,Nov-16
CAC377211,ORICA AUSTRALIA PTY LTD,Orica Kooragang Island Decarbonisation Project,ERF160887,Optional Delivery,3372650,3372650,0,7.00,7.00,,,No,,Active,Apr-21
CAC377283,Corporate Carbon Solutions Pty Ltd,Landscape Aggregation,ERF103193,Fixed Delivery,3000000,,116184,11.68,12.60,,,Yes,,Active,Nov-16
CAC381483,Central West Livestock Pty Ltd as trustee for Magoffin Family Trust,Swanvale Regeneration Project,ERF172714,Optional Delivery,161690,161690,0,10.00,10.00,,,No,,Active,Mar-23
CAC386160,KARBILL PTY LTD,Goolgumbla Forest Regeneration Project,ERF167973,Optional Delivery,158316,158316,0,10.00,10.00,,,No,,Active,Oct-21
CAC388920,Conservation and Land Management Executive Body,Prince Regent NP  Savanna Burning Project,ERF103354,Fixed Delivery,20000,,20000,3.00,3.00,2.73,2.73,No,8/9/2020,Completed,Dec-17
CAC389801,Terra Carbon Pty Limited,Catchment Conservation Alliance  Southern Rivers Initiative Site #2,ERF110991,Fixed Delivery,86365,,13750,10.00,10.88,,,Yes,,Active,Apr-17
CAC393085,City of Armadale,City of Armadale Landfill Gas Flaring Project,EOP100499,Fixed Delivery,68006,,68006,7.00,7.00,6.66,6.66,No,22/12/2021,Completed,Apr-15
CAC395746,Corporate Carbon Advisory Pty Ltd,Narndee and Boodanoo Regeneration Project,ERF121756,Fixed Delivery,89407,,0,10.00,13.79,,,Yes,,Active,Jun-18
CAC401187,Marie Newton; Robert Newton,Oakleigh Native Forest Protection Project,EOP100633,Fixed Delivery,21000,,21000,7.00,7.00,2.26,2.26,No,19/3/2020,Completed,Dec-17
CAC401610,SUEZResourceco Alternative Fuels Pty Ltd,Wingfield  SITA ResourceCo Alternative Fuels Diversion from Landfill Project,EOP100561,Fixed Delivery,424210,,328890,7.39,7.39,7.57,7.57,No,17/11/2022,Completed,Apr-15
CAC401949,Hugh Cameron; Marcia Cameron,Wongalee Mervyndale and Rundalua Forest Regeneration Project,ERF101634,Fixed Delivery,300000,,131230,10.00,10.58,,,Yes,,Active,Nov-16
CAC402264,Kalm Property Enterprises Pty Ltd as the Trustee for Kalm No 2 Family Trust,Hillview Emmaville Regeneration Project,ERF173287,Optional Delivery,44950,44950,0,10.00,10.00,,,No,,Active,Apr-22
CAC403360,EDL LFG (NSW) Pty Ltd; EDL LFG (QLD) Pty Ltd,"Browns Plains Landfill Gas Project
Grange Avenue Landfill Gas Project
Lucas Heights 2B Landfill Gas Project
Roghan Road Landfill Gas Project","EOP100191
EOP100629
EOP100630
EOP100108",Fixed Delivery,947569,,947569,7.48,7.48,7.41,7.41,No,20/9/2022,Completed,Apr-15
CAC404783,Terra Carbon Pty Limited,Long Swamp Native Forest Protection Project,ERF157950,Optional Delivery,64236,61215,722,10.00,10.00,,,No,,Active,Oct-21
CAC405488,EDL LFG (NSW) Pty Ltd; EDL LFG (VIC) Pty Ltd,"Brooklyn Landfill Gas Project
Eastern Creek Landfill Gas Project
Jacks Gully Landfill Gas Project","EOP100099
EOP100103
EOP100059",Fixed Delivery,913546,,913546,7.48,7.48,7.41,7.41,No,20/9/2022,Completed,Apr-15
CAC406855,Terra Carbon Pty Limited,Buckwaroon Native Forest Protection Project,EOP100626,Fixed Delivery,545112,,403633,10.00,10.00,,,No,,Active,Apr-15
CAC407433,Ian Allen,Highlands Station Regeneration Project,ERF104962,Fixed Delivery,120000,,29199,10.00,11.02,,,Yes,,Active,Nov-16
CAC407969,Usher Pastoral Company Pty Ltd,Orient Regeneration Project,ERF119549,Fixed Delivery,107220,,107220,1.00,1.00,0.05,0.05,No,21/4/2020,Completed,Mar-20
CAC408021,AIC Projects (WA) Pty Ltd,AIC HIR WA Project 2,ERF164464,Optional Delivery,755563,728454,0,10.00,10.00,,,No,,Active,Apr-21
CAC408257,Sandra Elaine Taylor and Kristofer Timothy Pascoe as trustees for the Pascoe Taylor Family Trust,Pullagaroo Station Regeneration Project,ERF121530,Fixed Delivery,90000,,29446,10.00,12.11,,,Yes,,Active,Dec-18
CAC409096,Terra Carbon Pty Limited,Bulgoo Station Native Forest Protection Project,EOP100655,Fixed Delivery,684902,,516405,10.00,10.00,,,No,,Active,Apr-15
CAC409572,Terra Carbon Pty Limited,Bundella North Native Forest Protection Project,EOP100847,Fixed Delivery,385386,,318270,10.00,10.00,,,No,,Active,Apr-15
CAC411167,Rangeland Red Pty Ltd,Pindabunna Regeneration Project,ERF118477,Fixed Delivery,344702,,84649,10.00,10.81,,,Yes,,Active,Dec-17
CAC413860,Terra Carbon Pty Limited,Bundong Native Forest Protection Project,EOP100822,Fixed Delivery,381621,,289197,10.00,10.00,,,No,,Active,Apr-15
CAC413919,Corey Folezzani,Windsor Station Regeneration Project,ERF121658,Optional Delivery,220000,176000,0,10.00,10.00,,,No,,Active,Sep-20
CAC416810,Paniri Ventures Pty Ltd,Milhouse Reforestation Project,ERF111315,Fixed Delivery,585000,,0,10.00,11.48,,,Yes,,Active,Apr-17
CAC419235,Terra Carbon Pty Limited,Carpenters Native Forest Protection Project,EOP101060,Fixed Delivery,295734,,233237,10.00,10.00,,,No,,Active,Apr-15
CAC419945,Terra Carbon Pty Limited,Claymore Native Forest Protection Project,EOP101107,Fixed Delivery,187690,,151226,10.00,10.00,,,No,,Active,Apr-15
CAC424110,Fay Cooney; Grant Cooney,Wiggera Regeneration Project,ERF158238,Optional Delivery,45598,40960,0,10.00,10.00,,,No,,Active,Sep-20
CAC425192,The Trust Company (PTAL) Limited as trustee for ANZFOF2 Sub 1,"2020 AGE CLASS, LIMESTONE PLANTATIONS",ERF147377,Optional Delivery,29453,22989,2883,10.00,10.00,,,No,,Active,Mar-20
CAC426255,Our Energy Group Pty Limited,Central Coast No. 2  CMWM Flaring Project,ERF103297,Fixed Delivery,100000,,0,7.00,9.11,0.00,2.11,Yes,22/5/2019,Lapsed/Terminated,Apr-17
CAC427059,CARBFARM PTY LTD,Yimkin Regeneration Project,ERF181341,Optional Delivery,82079,82079,0,10.00,10.00,,,No,,Active,Mar-23
CAC427125,WEEMABAH PTY LTD,Karto Regeneration Project,ERF126435,Fixed Delivery,192199,,26572,10.00,11.42,,,Yes,,Active,Dec-18
CAC427390,Kersom Pty Ltd as the trustee for Kersom Trust,Cudgerie Tundulya Regeneration Project,ERF158444,Optional Delivery,207300,193901,0,10.00,10.00,,,No,,Active,Sep-20
CAC429110,"LEWIS, JAMES BENJAMIN",Claravale Fire Project,ERF106178,Fixed Delivery,18000,,0,9.00,9.87,,,Yes,,Active,Dec-18
CAC430864,Terra Carbon Pty Limited,Dijoe Station Native Forest Protection Project,EOP100631,Fixed Delivery,877400,,708392,10.00,10.00,,,No,,Active,Apr-15
CAC436762,NEWMONT GOLDCORP BODDINGTON PTY LTD,Saddleback Plantation Forestry Project,ERF120891,Fixed Delivery,105945,,0,10.00,14.04,0.00,4.04,Yes,30/6/2022,Lapsed/Terminated,Jun-18
CAC439465,Terra Carbon Pty Limited,Double Gates Native Forest Protection Project,EOP101059,Fixed Delivery,591034,,488101,10.00,10.00,,,No,,Active,Apr-15
CAC439570,Terra Carbon Pty Limited,Dunsandle Native Forest Protection Project,EOP101087,Fixed Delivery,178383,,138129,10.00,10.00,,,No,,Active,Apr-15
CAC440774,Terra Carbon Pty Limited,Ellavale Native Forest Protection Project,EOP100841,Fixed Delivery,1012984,,718626,10.00,10.00,,,No,,Active,Apr-15
CAC441822,Terra Carbon Pty Limited,Etiwanda Native Forest Protection Project,EOP100796,Fixed Delivery,205931,,152072,10.00,10.00,,,No,,Active,Apr-15
CAC446452,Terra Carbon Pty Limited,Fords Bridge Aggregation Native Forest Protection Project,EOP100883,Fixed Delivery,996544,,770438,10.00,10.00,,,No,,Active,Apr-15
CAC448384,Bush Heritage Australia,Bush Heritage Hamelin Regeneration Project,ERF159308,Optional Delivery,568688,568688,0,10.00,10.00,,,No,,Active,Sep-20
CAC448961,Dilga Forbes Pty Ltd as Trustee for the Betland Family Superannuation Fund,El Trune Regrowth Project,EOP101140,Fixed Delivery,92301,,47619,10.99,10.99,,,No,,Active,Apr-16
CAC456592,Wespine Industries Pty Ltd,Continuous Drying Kiln Upgrade  Dardanup Mill,ERF118173,Optional Delivery,86100,36900,0,7.00,7.00,,,No,,Active,Mar-20
CAC456643,Terra Carbon Pty Limited,Glen Hope Native Forest Protection Project,EOP101058,Fixed Delivery,120848,,97766,10.00,10.00,,,No,,Active,Apr-15
CAC457832,Terra Carbon Pty Limited,Glenrose Native Forest Protection Project,EOP101090,Fixed Delivery,258767,,208494,10.00,10.00,,,No,,Active,Apr-15
CAC459402,Terra Carbon Pty Limited,Glenwood Native Forest Protection Project,EOP100542,Fixed Delivery,500416,,367493,10.00,10.00,,,No,,Active,Apr-15
CAC460753,Terra Carbon Pty Limited,Horse Ridges Native Forest Protection Project,EOP100555,Fixed Delivery,379637,,283889,10.00,10.00,,,No,,Active,Apr-15
CAC460808,Terra Carbon Pty Limited,Kergunyah Native Forest Protection Project,EOP101089,Fixed Delivery,852871,,694586,10.00,10.00,,,No,,Active,Apr-15
CAC463217,Country Carbon Pty Ltd,Stirling Lotus Vale,ERF101491,Fixed Delivery,120000,,0,10.00,10.74,0.00,0.74,Yes,30/1/2017,Lapsed/Terminated,Apr-16
CAC463268,Terra Carbon Pty Limited,Darling River Eco Corridor #30,ERF118276,Fixed Delivery,485073,,163790,10.00,10.89,,,Yes,,Active,Dec-17
CAC465315,RTA GOVE PTY LIMITED,Gove Alternate Power Generation Project,ERF101428,Fixed Delivery,318600,,318600,2.00,2.00,1.66,1.66,No,11/2/2020,Completed,Jun-18
CAC466687,Terra Carbon Pty Limited,Kia Ora Native Forest Protection Project,EOP101062,Fixed Delivery,661838,,521310,10.00,10.00,,,No,,Active,Apr-15
CAC471235,Terra Carbon Pty Limited,Killala Native Forest Protection Project,EOP100805,Fixed Delivery,265417,,214719,10.00,10.00,,,No,,Active,Apr-15
CAC475741,Bass Coast Shire Council,Grantville Landfill Gas Capture and Combustion Project,ERF103347,Fixed Delivery,44540,,0,7.00,8.32,,,Yes,,Active,Apr-16
CAC480066,AI CARBON PROJECTS NO 3 PTY LTD,Lake Everard Station,ERF173217,Optional Delivery,1423275,1423275,0,10.00,10.00,,,No,,Active,Apr-22
CAC480867,Adrian Morrissey; Karen Morrissey,Meeline Station Regeneration Project,ERF130619,Fixed Delivery,34987,,8216,6.00,8.91,,,Yes,,Active,Jul-19
CAC482288,EDAH PASTORAL COMPANY PTY LIMITED,Edah Station Regeneration Project,ERF126394,Fixed Delivery,12500,,8939,5.00,6.50,,,Yes,,Active,Dec-18
CAC484370,CO2 AUSTRALIA LIMITED,CO2 Australia  HumanInduced Regeneration Project  Stage 1,ERF111251,Fixed Delivery,51096,,0,10.00,11.50,0.93,3.56,Yes,4/11/2020,Lapsed/Terminated,Apr-17
CAC486589,Flowenol Mngt Pty. Ltd. as Trustee for the Flowenol Fund S,Glen Ailee Station Native Forest Protection Project,EOP100705,Fixed Delivery,8160,,8160,2.00,2.00,0.42,0.42,No,3/9/2020,Completed,Mar-20
CAC487528,Terra Carbon Pty Limited,Lachlan Downs Native Forest Protection Project,EOP100800,Fixed Delivery,146521,,108200,10.00,10.00,,,No,,Active,Apr-15
CAC489030,AI CARBON PROJECTS NO 3 PTY LTD,Nonning Station,ERF173267,Optional Delivery,787940,787940,0,10.00,10.00,,,No,,Active,Apr-22
CAC490722,Terra Carbon Pty Limited,Tallering Station Human Induced Regeneration Project,ERF121770,Fixed Delivery,486839,,42393,10.00,13.63,,,Yes,,Active,Jun-18
CAC492249,Terra Carbon Pty Limited,Landsdowne Native Forest Protection Project,EOP100881,Fixed Delivery,167369,,118351,10.00,10.00,,,No,,Active,Apr-15
CAC495317,LGI Limited,Gympie Landfill Gas Project,ERF118292,Fixed Delivery,41000,,20300,7.00,7.54,,,Yes,,Active,Dec-17
CAC495319,Terra Carbon Pty Limited,Lila Springs Native Forest Protection Project,EOP100964,Fixed Delivery,923384,,632476,10.00,10.00,,,No,,Active,Apr-15
CAC496337,GOLDFIELDS CARBON GROUP PTY LTD,The Goldfields renewal Forest Regeneration,ERF103442,Fixed Delivery,3999970,,0,10.00,11.50,0.08,1.42,Yes,6/10/2017,Lapsed/Terminated,Apr-16
CAC496712,Terra Carbon Pty Limited,Wirrabilla Native Forest Protection Project,ERF160737,Optional Delivery,92873,75346,17527,10.00,10.00,,,No,,Active,Oct-21
CAC496784,AGRIPROVE SOLUTIONS PTY LTD,Mulga South Project,ERF103100,Fixed Delivery,3000000,,0,10.00,11.48,,,Yes,,Active,Apr-16
CAC497655,Woolworths Group Limited,Woolworths Food Waste Diversion,ERF103285,Fixed Delivery,147000,,81675,7.00,7.00,,,No,,Active,Nov-16
CAC499166,Terra Carbon Pty Limited,Mopone Native Forest Protection Project,EOP100521,Fixed Delivery,493120,,366104,10.00,10.00,,,No,,Active,Apr-15
CAC499247,Terra Carbon Pty Limited,Meadow Glen Native Forest Protection Project,EOP100756,Fixed Delivery,605292,,430325,10.00,10.00,,,No,,Active,Apr-15
CAC499691,Terra Carbon Pty Limited,Mt Solitary Native Forest Protection Project,ERF124225,Fixed Delivery,429824,,107455,10.00,10.79,,,Yes,,Active,Dec-18
CAC502980,Terra Carbon Pty Limited,Moquilambo Native Forest Protection Project,EOP101053,Fixed Delivery,1023337,,810623,10.00,10.00,,,No,,Active,Apr-15
CAC503100,Terra Carbon Pty Limited,Noona Station Native Forest Protection Project,EOP100844,Fixed Delivery,330957,,265251,10.00,10.00,,,No,,Active,Apr-15
CAC507344,Terra Carbon Pty Limited,Nullawarra Station #2 Native Forest Protection Project,EOP100683,Fixed Delivery,462485,,353042,10.00,10.00,,,No,,Active,Apr-15
CAC507839,Terra Carbon Pty Limited,Nullawarra Station Native Forest Protection Project,EOP100562,Fixed Delivery,229968,,172936,10.00,10.00,,,No,,Active,Apr-15
CAC508235,MOORE RIVER BEEF PTY LTD,Erlistoun Station Regeneration Project,ERF121372,Fixed Delivery,335201,,90807,10.00,12.62,,,Yes,,Active,Jun-18
CAC509112,Cameron Kennedy,Castle Hill Station HumanInduced Regeneration Project,ERF119617,Fixed Delivery,95351,,0,10.00,11.50,0.00,3.13,Yes,30/1/2021,Lapsed/Terminated,Dec-17
CAC511328,AI CARBON PROJECTS NO 3 PTY LTD,Weinteriga Station,ERF173293,Optional Delivery,93511,93511,0,10.00,10.00,,,No,,Active,Apr-22
CAC512283,Terra Carbon Pty Limited,South Australian Conservation Alliance,ERF119593,Fixed Delivery,1077569,,52638,13.63,14.54,,,Yes,,Active,Dec-17
CAC513007,Mulligan Grazing Pty Ltd as trustee for Mulligan Family Carbon Trust,Tebin Regeneration Project,ERF172908,Optional Delivery,124126,124126,0,10.00,10.00,,,No,,Active,Mar-23
CAC514806,HAMPTON TRANSPORT SERVICES PTY LTD,Edjudina Regeneration Project,ERF121698,Fixed Delivery,74270,,0,5.00,10.62,,,Yes,,Active,Jun-18
CAC515737,Terra Carbon Pty Limited,Darling River Eco Corridor 4,ERF103209,Fixed Delivery,1783446,,384581,13.15,13.15,,,No,,Active,Apr-16
CAC517004,LGI Limited,Mugga Lane Landfill Gas Upgrade Project,ERF132693,Optional Delivery,72000,50550,0,7.00,7.00,,,No,,Active,Sep-20
CAC518898,LMS Energy Pty Ltd,Woy Woy Landfill Gas Upgrade Project,ERF170687,Optional Delivery,58000,58000,0,7.00,7.00,,,No,,Active,Mar-23
CAC526725,Terra Carbon Pty Limited,Pattison Native Forest Protection Project,EOP100898,Fixed Delivery,227417,,155223,10.00,10.00,,,No,,Active,Apr-15
CAC526762,Terra Carbon Pty Limited,Pine Ridge Native Forest Protection Project,EOP100628,Fixed Delivery,403492,,303427,10.00,10.00,,,No,,Active,Apr-15
CAC533099,Terra Carbon Pty Limited,Ryandale Native Forest Protection Project,EOP100829,Fixed Delivery,204395,,147782,10.00,10.00,,,No,,Active,Apr-15
CAC534188,Terra Carbon Pty Limited,Trafalgar Native Forest Protection Project,EOP101088,Fixed Delivery,347857,,269451,10.00,10.00,,,No,,Active,Apr-15
CAC534415,Terra Carbon Pty Limited,Trilby Native Forest Protection Project,EOP100842,Fixed Delivery,593068,,409167,10.00,10.00,,,No,,Active,Apr-15
CAC535090,Terra Carbon Pty Limited,Tripodi Native Forest Protection Project,EOP100579,Fixed Delivery,953345,,697306,10.00,10.00,,,No,,Active,Apr-15
CAC538641,Kurrajong Partners Pty Ltd,Carella Forest Regeneration Project,ERF111290,Fixed Delivery,280000,,39976,10.00,11.50,,,Yes,,Active,Apr-17
CAC539651,DEVINE AGRIBUSINESS CARBON PTY LTD,Canegrass Carbon Farming Project 1,EOP100933,Fixed Delivery,20000,,15440,10.00,10.00,,,No,,Active,Nov-16
CAC539957,Mathew Rubery,Mouroubra Station Regeneration Project,ERF124066,Fixed Delivery,4000,,4000,2.00,4.11,0.54,2.65,Yes,12/8/2021,Completed,Dec-18
CAC540320,Keith Mader,Walling Rock Station Regeneration Project,ERF121378,Fixed Delivery,128778,,0,10.00,13.62,0.00,3.62,Yes,28/1/2022,Lapsed/Terminated,Jun-18
CAC540832,REGENCO PTY LTD,SA Cattle Conservation HIR Project #01112022 TP,ERF180122,Optional Delivery,950000,950000,0,10.00,10.00,,,No,,Active,Mar-23
CAC541656,Ndevr Carbon Reductions Pty Ltd,Aggregated Bioenergy Boiler Project,ERF103344,Fixed Delivery,147200,,0,7.00,8.50,0.00,1.50,Yes,14/6/2019,Lapsed/Terminated,Dec-17
CAC541898,National Carbon Bank of Australia Pty Ltd,National Carbon Bank Lighting Projects 2016,ERF102020,Fixed Delivery,70000,,22000,7.00,8.50,,,Yes,,Active,Apr-17
CAC545203,Braidwood Investments (WA) Pty Ltd as Trustee for the Bowler Trust,Braidwood Regeneration Project,ERF171807,Optional Delivery,188815,188815,0,10.00,10.00,,,No,,Active,Mar-23
CAC546046,Our Energy Group Pty Limited,Central Coast Coal Mine Waste Methane Project,ERF102034,Fixed Delivery,187000,,0,7.00,9.49,0.00,2.49,Yes,22/5/2019,Lapsed/Terminated,Nov-16
CAC548250,AGRIPROVE SOLUTIONS PTY LTD,Mahon Carbon Project,ERF158824,Optional Delivery,70500,70500,0,10.00,10.00,,,No,,Active,Sep-20
CAC548635,Ashley Dowden; Deborah Dowden,Challa Station Regeneration Project,ERF121431,Fixed Delivery,153409,,61501,10.00,13.04,,,Yes,,Active,Jun-18
CAC548746,Veolia Environmental Services (Australia) Pty Ltd,Integrated Waste Services  LFG Project,ERF111304,Fixed Delivery,350000,,160000,7.00,7.00,,,No,,Active,Apr-17
CAC550960,Corporate Carbon Solutions Pty Ltd,SMRC Waste Composting Facility,EOP100194,Fixed Delivery,220000,,220000,5.00,5.00,5.00,5.00,No,22/4/2020,Completed,Apr-15
CAC551886,NINAL VENTURES PTY LTD,Jinglemoney Farm Carbon Project,EOP101066,Fixed Delivery,75000,,31000,10.00,11.36,,,Yes,,Active,Apr-15
CAC555560,Samuel Morris,Doobibla Regeneration Project,ERF111238,Fixed Delivery,101054,,34110,10.00,11.89,,,Yes,,Active,Dec-18
CAC555954,The Trust Company (PTAL) Limited as trustee for ANZFOF2 Sub 1,"2019 AGE CLASS, LIMESTONE PLANTATIONS",ERF121710,Fixed Delivery,77890,,7789,10.00,11.28,,,Yes,,Active,Jun-18
CAC558798,Department of Planning and Environment,Environmental Plantings in NPWS Reserves  Pilot Project 1,ERF103397,Fixed Delivery,79224,,0,10.00,11.48,,,Yes,,Active,Apr-16
CAC559483,William Whatmore,Boatman Regeneration Project,ERF159246,Optional Delivery,443053,443053,0,10.00,10.00,,,No,,Active,Oct-21
CAC565757,Corporate Carbon Solutions Pty Ltd,"Biomass Solutions, Waste Diversion through Alternative Waste Management at Coffs Harbour",EOP100554,Fixed Delivery,325000,,325000,7.00,7.00,6.56,6.56,No,16/11/2021,Completed,Apr-15
CAC571450,Carbon Estate Pty Ltd,Blueleafed Mallee Project B,ERF103409,Fixed Delivery,76002,,39083,10.00,10.77,,,Yes,,Active,Nov-16
CAC572691,VEOLIA RECYCLING & RECOVERY ANZ PTY LIMITED,Biovision Mindarie Advanced Resource Recovery Technology (ARRT) Facility,EOP100211,Fixed Delivery,317253,,258970,7.38,7.38,7.56,7.57,No,17/11/2022,Completed,Apr-15
CAC576312,CARBON REGENERATION NO.1 PTY LTD,Native woodland regeneration project BRO21,ERF166012,Optional Delivery,201000,176250,0,10.00,10.00,,,No,,Active,Oct-21
CAC577192,HAMILTON AGRICULTURE PTY LTD,Nalbarra Regeneration Project,ERF119533,Fixed Delivery,413688,,41879,13.00,10.81,,,Yes,,Active,Dec-17
CAC578863,Kalm Property Enterprises Pty Ltd as the Trustee for Kalm No 2 Family Trust,Black Hill Regeneration Project,ERF158903,Optional Delivery,250238,196967,0,10.00,10.00,,,No,,Active,Apr-21
CAC582383,Corporate Carbon Solutions Pty Ltd,Yaloak Estate Environmental Plantings #2 Project,EOP101119,Fixed Delivery,75000,,58500,10.00,10.00,,,No,,Active,Apr-15
CAC582967,The Trust Company (Australia) Limited as the Trustee for Tasmanian Forest Operating Sub Trust,Evercreech Plantation Forestry Project,ERF118356,Fixed Delivery,68959,,30830,10.00,11.50,,,Yes,,Active,Dec-17
CAC584424,REGENCO PTY LTD,Goldfields Pastoral Carbon Aggregation,ERF121650,Fixed Delivery,100000,,100000,7.00,9.71,0.03,2.74,Yes,10/3/2021,Completed,Jun-18
CAC593034,RTA GOVE PTY LIMITED,Gove Alternate Power Generation Project,ERF101428,Fixed Delivery,244319,,244319,4.00,4.00,2.66,2.66,No,30/5/2023,Completed,Sep-20
CAC595984,Terra Carbon Pty Limited,Lower Lila Native Forest Protection Project,ERF140014,Optional Delivery,113243,104167,3165,10.00,10.00,,,No,,Active,Oct-21
CAC596264,AI CARBON PROJECTS NO 3 PTY LTD,Quondong Station,ERF173216,Optional Delivery,154089,154089,0,10.00,10.00,,,No,,Active,Apr-22
CAC597343,Country Carbon Pty. Ltd.,Claraville Station,ERF103242,Fixed Delivery,80000,,0,10.00,10.48,,,Yes,,Active,Apr-16
CAC597637,Corporate Carbon Solutions Pty Ltd,Yaloak Estate Carbon Plantings #1 Project,EOP101121,Fixed Delivery,125000,,125000,10.00,10.00,1.70,1.70,No,5/1/2017,Completed,Apr-15
CAC598611,Kimbriki Environmental Enterprises Pty Ltd,Kimbriki Resource Recovery Project  MSW line,ERF101988,Fixed Delivery,32530,,0,7.00,8.32,0.00,1.32,Yes,1/9/2017,Lapsed/Terminated,Apr-16
CAC600132,SUEZ RECYCLING & RECOVERY HOLDINGS PTY LIMITED,SITA Elizabeth Drive Landfill Gas Capture (flaring & electricity generation)  Kemps Creek project,EOP100179,Fixed Delivery,336498,,336498,7.00,7.00,6.64,6.64,No,14/12/2021,Completed,Apr-15
CAC604064,Terra Carbon Pty Limited,Darling River Eco Corridor 9,ERF103367,Fixed Delivery,396863,,227528,10.00,10.00,,,No,,Active,Apr-16
CAC604533,Country Carbon Pty. Ltd.,Astrea Station,EOP100703,Fixed Delivery,46848,,4684,10.00,10.00,,,No,,Active,Apr-16
CAC614503,Tacora Agri Pty Ltd,"Quimby Forest Regeneration Project
Barney Gumble Reforestation Project","ERF122159
ERF121759",Fixed Delivery,3400000,,1470945,10.00,11.36,,,Yes,,Active,Apr-15
CAC615972,EDL CSM (Qld) Pty Ltd,North Goonyella Waste Coal Mine Gas Power Station,ERF105101,Fixed Delivery,857483,,0,7.00,10.77,0.00,3.77,Yes,31/8/2020,Lapsed/Terminated,Nov-16
CAC623677,Australian Integrated Carbon Financial Services Pty Ltd,"Mileura Station, Murchison HIR Aggregation",ERF159554,Optional Delivery,231104,231104,0,10.00,10.00,,,No,,Active,Sep-20
CAC623742,Terra Carbon Pty Limited,Western Australia Rangelands Conservation Initiative Site #8,ERF158588,Optional Delivery,392213,346915,0,10.00,10.00,,,No,,Active,Sep-20
CAC626772,Country Carbon Pty. Ltd.,York Downs Station,EOP101069,Fixed Delivery,161400,,16140,10.00,10.48,,,Yes,,Active,Apr-16
CAC626984,LMS Energy Pty Ltd,"Southern Waste Landfill Gas Upgrade Project
Pedler Creek Landfill Gas Upgrade Project","ERF111111
ERF109627",Fixed Delivery,460000,,279148,7.00,7.00,,,No,,Active,Dec-18
CAC628109,Corporate Carbon Solutions Pty Ltd,Stanley Farms Mallee Plantings #2 Project,EOP101138,Fixed Delivery,100000,,100000,10.00,10.00,1.70,1.70,No,5/1/2017,Completed,Apr-15
CAC630494,Terra Carbon Pty Limited,Darling River Eco Corridor 5,ERF103140,Fixed Delivery,283490,,141068,10.00,10.00,,,No,,Active,Apr-16
CAC630862,AI CARBON PROJECTS NO 3 PTY LTD,AI Carbon No.3 EP BS,ERF168138,Optional Delivery,397580,397580,0,10.00,10.00,,,No,,Active,Oct-21
CAC631277,REGENCO PTY LTD,NT Cattle Conservation HIR Project #02142022 MUL,ERF173339,Optional Delivery,300000,300000,0,10.00,10.00,,,No,,Active,Mar-23
CAC637442,NINAL VENTURES PTY LTD,Scrubbers Bedden Carbon Project,EOP101151,Fixed Delivery,160000,,67131,10.00,11.36,,,Yes,,Active,Apr-15
CAC639211,Alinta Energy Transmission (Roy Hill) Pty Ltd,Newman Power Station Efficiency Project,ERF152447,Optional Delivery,724000,674000,0,7.00,7.00,,,No,,Active,Mar-23
CAC643075,EDL Projects (Australia) Pty Ltd,Grosvenor 2 Coal Mine Waste Gas Power Station Project,ERF103850,Fixed Delivery,611913,,268538,7.00,8.23,,,Yes,,Active,Nov-16
CAC643759,Terra Carbon Pty Limited,Darling River Eco Corridor #31,ERF118275,Fixed Delivery,229384,,61729,10.00,10.89,,,Yes,,Active,Dec-17
CAC644637,Coodardy Pastoral Co. Pty Ltd as trustee for the Coodardy Pastoral Co Trust,Coodardy Station Regeneration Project,ERF126426,Fixed Delivery,6932,,0,3.00,6.11,0.00,3.11,Yes,28/1/2022,Lapsed/Terminated,Dec-18
CAC645561,Terra Carbon Pty Limited,Buckambool HumanInduced Regeneration Project,EOP101263,Fixed Delivery,316667,,205542,10.00,10.00,,,No,,Active,Nov-16
CAC645859,NESLECOVE PTY LTD as the Trustee for CELI MANUFACTURING SUPER BENEFITS FUND,Bundure Station Forest Regeneration Project,ERF159588,Optional Delivery,97680,83042,0,10.00,10.00,,,No,,Active,Sep-20
CAC648508,Clarence Valley Council,Grafton Regional Landfill landfill gas capture and combustion project,EOP100808,Fixed Delivery,45000,,45000,7.00,7.00,6.93,6.93,No,29/3/2022,Completed,Apr-15
CAC651339,AI CARBON WA NO.2 PTY LTD,AIC HIR WA2 WS,ERF166804,Optional Delivery,360396,360396,0,10.00,10.00,,,No,,Active,Oct-21
CAC652213,Flowenol Mngt Pty. Ltd. as Trustee for the Flowenol Fund S,"Glen Ailee/Oklahoma Aggregation, Induced Regeneration of a Permanent EvenAged Native Forest Project",ERF111375,Fixed Delivery,8000,,8000,4.00,4.08,0.69,0.77,Yes,24/9/2019,Completed,Dec-18
CAC655448,PINDIDDY ABORIGINAL CORPORATION,Ninghan Station Regeneration Project,ERF121385,Fixed Delivery,4000,,4000,1.00,3.11,0.54,2.65,Yes,10/8/2021,Completed,Dec-18
CAC655628,YANDAROO PTY LTD,Delta Regeneration Project,EOP101133,Fixed Delivery,165000,,165000,7.00,7.44,5.88,6.34,Yes,24/8/2021,Completed,Apr-15
CAC657049,Mike Ritchie and Associates Pty Ltd,MRA Aggregated Landfill Gas projects,ERF103411,Fixed Delivery,56500,,21594,7.00,8.32,,,Yes,,Active,Apr-16
CAC657978,Country Carbon Pty. Ltd.,"Kings Plains, South Endeavour and Alkoomie Stations",ERF103030,Fixed Delivery,40000,,4000,10.00,10.48,,,Yes,,Active,Apr-16
CAC662462,Broderick Anderson; Elizabeth Anderson,Waverley Ningawalla Regeneration Project,ERF159345,Optional Delivery,285951,268454,0,10.00,10.00,,,No,,Active,Apr-21
CAC662701,Landfill Operations Pty Ltd,MRL LFG Abatement Project,EOP100096,Fixed Delivery,494858,,494858,3.00,3.00,2.58,2.58,No,21/11/2017,Completed,Apr-15
CAC663116,AI CARBON WA NO.2 PTY LTD,AIC HIR WA2 GS,ERF166813,Optional Delivery,569896,569896,0,10.00,10.00,,,No,,Active,Oct-21
CAC663619,Windridge Farms Pty Ltd,Wonga/Templemore Methane Digestion Ponds,EOP100280,Fixed Delivery,16000,,16000,2.00,2.00,1.38,1.38,No,5/5/2020,Completed,Dec-18
CAC663957,Amaral Pastoral Pty Limited,Cudgee Regeneration Project,ERF116701,Fixed Delivery,5583,,5583,1.00,1.00,0.05,0.05,No,20/8/2019,Completed,Jul-19
CAC668305,LMS Energy Pty Ltd,"Caloundra Landfll Gas Project
Noosa Landfill Gas Project
Nambour Landfill Gas Project
Hervey Range Landfill Gas Project","EOP100284
EOP100656
EOP100658
EOP101208",Fixed Delivery,414740,,353500,6.00,6.00,5.52,5.52,No,21/10/2022,Completed,Apr-17
CAC669129,Terra Carbon Pty Limited,Darling River Eco Corridor #38,ERF121014,Fixed Delivery,162423,,48946,10.00,10.93,,,Yes,,Active,Jun-18
CAC677007,The Trust Company (Australia) Limited as trustee for Forestry Investment Trust,FIT 2020 Carbon Projects ERF,ERF152449,Optional Delivery,350000,311500,0,10.00,10.00,,,No,,Active,Mar-20
CAC680735,Forests Alive Pty Ltd,Forests Alive: Protection of Tasmanian Native Forest,EOP101157,Fixed Delivery,771995,,634905,10.00,10.00,,,No,,Active,Apr-15
CAC683087,James Hatch,Wombah Regeneration Project,ERF111227,Fixed Delivery,159000,,0,10.00,14.80,0.00,4.80,Yes,1/2/2022,Lapsed/Terminated,Apr-17
CAC683439,AI CARBON WA NO.2 PTY LTD,AIC HIR WA2 KS,ERF166605,Optional Delivery,153958,153958,0,10.00,10.00,,,No,,Active,Oct-21
CAC684301,Terra Carbon Pty Limited,Darling River Eco Corridor #39,ERF121579,Fixed Delivery,91488,,29472,10.00,10.93,,,Yes,,Active,Jun-18
CAC685155,Country Carbon Pty. Ltd.,Mountain Valley Station,ERF102930,Fixed Delivery,76400,,7640,10.00,10.00,,,No,,Active,Nov-16
CAC687185,Jarrah Co Proprietary Limited,Goodradigbee Rose Gum Reforestation,ERF162768,Optional Delivery,513480,513480,0,10.00,10.00,,,No,,Active,Apr-21
CAC688106,Kurrajong Partners Pty Ltd,AHG Land Transport Emissions Reduction,EOP101126,Fixed Delivery,157503,,124453,7.38,8.11,,,Yes,,Active,Apr-15
CAC693408,CARBON REGENERATION PTY LTD,Native woodland regeneration project BIN21,ERF171278,Optional Delivery,172500,162000,0,10.00,10.00,,,No,,Active,Apr-22
CAC694326,Terra Carbon Pty Limited,Far West Native Forest Protection Project,ERF111260,Fixed Delivery,100000,,48624,10.00,10.88,,,Yes,,Active,Apr-17
CAC695911,Corporate Carbon Solutions Pty Ltd,Leonard Springs Carbon Project,ERF111213,Fixed Delivery,375000,,0,10.00,14.80,0.00,5.29,Yes,29/7/2022,Lapsed/Terminated,Apr-17
CAC696434,Urana Carbon Farming Pty Ltd as Trustee for the CrookKing Family Trust,Urana Regeneration Project,ERF101557,Fixed Delivery,303572,,184874,10.00,11.48,,,Yes,,Active,Apr-17
CAC698211,National Carbon Bank of Australia Pty Ltd,National Carbon Bank of Australia Commercial and Public Lighting ERF Aggregator Project,ERF158350,Fixed Delivery,125000,,4000,7.00,7.00,,,No,,Active,Sep-20
CAC702529,VEOLIA RECYCLING & RECOVERY ANZ PTY LIMITED,Port Stephens Waste Management Composting Facility,EOP100212,Fixed Delivery,85956,,74036,7.39,7.39,7.57,7.57,No,17/11/2022,Completed,Apr-15
CAC706363,Terra Carbon Pty Limited,Darling River Conservation Initiative,ERF111340,Fixed Delivery,4000000,,81038,13.64,15.21,,,Yes,,Active,Apr-17
CAC714802,CO2 AUSTRALIA LIMITED; Marcus Lewis,Bendena HumanInduced Regeneration Project,ERF118301,Fixed Delivery,109924,,53971,10.00,11.50,,,Yes,,Active,Dec-17
CAC722776,LMS Energy Pty Ltd,Swanbank Landfill Gas Upgrade Project,ERF167268,Optional Delivery,280000,240000,0,7.00,7.00,,,No,,Active,Apr-22
CAC724339,Kerin Carbon 2 Pty Ltd as the Trustee for Cobbrum Carbon Trust,Cobbrum Native Forest Regeneration Project,ERF119482,Fixed Delivery,372729,,142612,10.00,10.55,,,Yes,,Active,Dec-17
CAC726270,LMS Energy Pty Ltd,Suntown Landfill Gas Project,EOP100541,Fixed Delivery,225342,,200907,6.00,6.00,5.52,5.52,No,21/10/2022,Completed,Apr-17
CAC728927,Terra Carbon Pty Limited,Darling River Eco Corridor 8,ERF103326,Fixed Delivery,258384,,98595,10.00,10.00,,,No,,Active,Apr-16
CAC739214,DEVINE AGRIBUSINESS CARBON PTY LTD,Nimboy Carbon Farming Project,EOP100971,Fixed Delivery,40000,,32690,5.79,5.79,6.25,6.25,No,23/2/2023,Completed,Nov-16
CAC742375,LGI Limited,"Capture and Combustion of Landfill Gas at Dunmore Recycling and Waste Disposal Depot, Shellharbour City Council",EOP100503,Fixed Delivery,80114,,46005,7.17,7.17,7.14,7.14,No,26/6/2023,Completed,Apr-16
CAC747685,Bentick Investments Pty Ltd,Nemeena Avoided Deforestation Project,ERF102109,Fixed Delivery,433333,,216667,10.00,11.48,,,Yes,,Active,Nov-16
CAC747965,Kylie Baty; Michael Baty,Muella Native Forest Protection Project,EOP101141,Fixed Delivery,114382,,87727,10.00,10.36,,,Yes,,Active,Apr-15
CAC748357,Terra Carbon Pty Limited,Darling River Conservation Initiative  Site #6,ERF131090,Optional Delivery,298824,293306,5518,10.00,10.00,,,No,,Active,Mar-20
CAC752641,Moreton Bay Regional Council,"Dakabin Landfill Gas Project
Bunya Landfill Gas Project
Caboolture Landfill Gas Project","EOP100504
EOP100505
ERF101486",Fixed Delivery,313410,,313410,5.00,5.00,5.11,5.11,No,24/5/2022,Completed,Apr-17
CAC754564,Terra Carbon Pty Limited,Darling River Eco Corridor #37,ERF121013,Fixed Delivery,90494,,8715,10.00,12.65,,,Yes,,Active,Jun-18
CAC755598,KILBEROO PTY LTD,Kilberoo Regeneration Project,EOP101143,Fixed Delivery,120821,,92315,10.00,10.00,,,No,,Active,Apr-15
CAC757485,AI CARBON PROJECTS NO 3 PTY LTD,AI Carbon No.3 NSW TS,ERF168137,Optional Delivery,332260,332260,0,10.00,10.00,,,No,,Active,Oct-21
CAC760482,Matthew Parkinson,Paroo River South Environmental Project,ERF104559,Fixed Delivery,704525,,0,10.00,10.63,0.83,1.47,Yes,1/10/2018,Lapsed/Terminated,Apr-17
CAC761039,Darren Owen Cousens as trustee for the Platinum Pastoral Trust,Hillview Station Regeneration Project,ERF123583,Fixed Delivery,95999,,36548,10.00,13.00,,,Yes,,Active,Dec-18
CAC766041,Terra Carbon Pty Limited,Darling River Eco Corridor #35,ERF121578,Fixed Delivery,84191,,20176,10.00,10.93,,,Yes,,Active,Jun-18
CAC766768,REGENCO PTY LTD,WA Carbon Cattle Conservation Project # 102721 LD,ERF169862,Optional Delivery,90000,90000,0,10.00,10.00,,,No,,Active,Mar-23
CAC766856,CARLINE STATION PTY LTD,Carline Regeneration Project,ERF183413,Optional Delivery,124529,124529,0,10.00,10.00,,,No,,Active,Mar-23
CAC767566,George Timothy Arthur Gubbins and Isabella Priscilla Landale the Trustees for SW Gubbins Trust Estate No. 3,Green Creek Regeneration Project,ERF173089,Optional Delivery,59109,59109,0,10.00,10.00,,,No,,Active,Apr-22
CAC768316,Anita Burcher; Kenneth Burcher,Four Corners Regeneration Project,ERF182610,Optional Delivery,47208,47208,0,10.00,10.00,,,No,,Active,Mar-23
CAC769892,Terra Carbon Pty Limited,Glenogie Native Forest Protection Project,EOP101055,Fixed Delivery,197651,,154078,10.00,10.00,,,No,,Active,Apr-15
CAC770784,AGRIPROVE SOLUTIONS PTY LTD,Flanders Carbon Project,ERF103197,Fixed Delivery,2500000,,0,10.00,11.48,,,Yes,,Active,Apr-16
CAC771447,Terra Carbon Pty Limited,Osterley Downs Native Forest Protection Project,EOP100653,Fixed Delivery,1467708,,1071665,10.00,10.00,,,No,,Active,Apr-15
CAC776382,AnneMarie Schmitt; JeanLuc Schmitt,Mulgaroon Forest Regeneration Project,EOP101101,Fixed Delivery,263070,,188715,10.00,10.60,,,Yes,,Active,Apr-15
CAC777540,Kinsukon Edhouse,Wogarno Regeneration Project,ERF121739,Fixed Delivery,51959,,16456,10.00,12.04,,,Yes,,Active,Jun-18
CAC777975,Robert Banning,Kalkadoon and Old Cork HumanInduced Regeneration Project,ERF111320,Fixed Delivery,98401,,0,10.00,11.50,0.00,1.50,Yes,12/10/2018,Lapsed/Terminated,Apr-17
CAC778200,Country Carbon Pty. Ltd.,Moroak & Goondooloo Stations,ERF103036,Fixed Delivery,43200,,4320,10.00,10.99,,,Yes,,Active,Apr-16
CAC778764,Remondis Australia Pty Ltd,Springmount Waste Management Facility Landfill Gas Flaring Project,ERF167993,Optional Delivery,190000,190000,0,7.00,7.00,,,No,,Active,Apr-22
CAC781171,TAMWORTH REGIONAL COUNCIL,Forest Road Landfill Gas Project,ERF103371,Fixed Delivery,120000,,74155,7.00,7.44,,,Yes,,Active,Nov-16
CAC781436,EDL LFG (NSW) Pty Ltd,Lucas Heights 2 Landfill Gas Project,EOP100105,Fixed Delivery,1405774,,1405774,7.48,7.48,7.42,7.42,No,23/9/2022,Completed,Apr-15
CAC783290,DEVINE AGRIBUSINESS CARBON PTY LTD,DAC201603,ERF104547,Fixed Delivery,35000,,19500,10.00,11.50,,,Yes,,Active,Nov-16
CAC783510,LMS Energy Pty Ltd,"Rochedale Landfill Gas Project
Wollert Landfill Gas Project
Wyndham Landfill Gas Project","EOP100183
EOP100098
EOP100168",Fixed Delivery,2008305,,2008305,7.00,7.00,6.99,6.99,No,21/4/2022,Completed,Apr-15
CAC783640,LMS Energy Pty Ltd,"Albury Landfill Gas Project
Awaba Landfill Gas Project
Darwin Landfill Gas Project
Ipswich Landfill Gas Project
Newcastle Landfill Gas Project
Remount Landfill Gas Project
Wyong Landfill Gas Project","EOP100159
EOP100160
EOP100102
EOP100164
EOP100185
EOP100184
EOP100097",Fixed Delivery,1568376,,1568376,7.00,7.00,6.99,6.99,No,21/4/2022,Completed,Apr-15
CAC783845,John Kerin; Luke Kerin,SouthGlen Native Forest Regeneration Project,ERF105022,Fixed Delivery,277400,,129093,10.00,10.71,,,Yes,,Active,Nov-16
CAC784319,Tom Jackson,Austin Downs Station Regeneration Project,ERF121665,Fixed Delivery,65962,,0,10.00,12.62,,,Yes,,Active,Jun-18
CAC787280,Gemma Cripps,Gabyon Station Regeneration Project,ERF120883,Fixed Delivery,65319,,49326,5.00,7.57,,,Yes,,Active,Jun-18
CAC787990,Kurrajong Partners Pty Ltd,Mullagalah II Regeneration Project,ERF109630,Fixed Delivery,92045,,92045,6.00,6.00,0.07,0.07,No,27/10/2020,Completed,Sep-20
CAC788080,Gregory French; Tania French,Bimbijy Station Regeneration Project,ERF121681,Fixed Delivery,6536,,6536,2.00,4.12,0.43,2.55,Yes,6/7/2021,Completed,Dec-18
CAC798321,Rossmore Agriculture Pty Ltd as trustee for the Sendall Family Trust,Rossmore Landscape Project,ERF168123,Optional Delivery,103734,103734,0,10.00,10.00,,,No,,Active,Apr-22
CAC799657,Corporate Carbon Solutions Pty Ltd,Turpentine Carbon Project,ERF102074,Fixed Delivery,1040000,,0,11.68,12.60,,,Yes,,Active,Nov-16
CAC800042,NORTHMORE GORDON ENVIRONMENTAL PTY LTD,Smart Lighting Upgrade Project,ERF120525,Fixed Delivery,120000,,36357,7.00,8.29,,,Yes,,Active,Jun-18
CAC800084,AIC Projects (WA) Pty Ltd,AIC HIR WA Project 4,ERF164529,Optional Delivery,494368,473205,0,10.00,10.00,,,No,,Active,Apr-21
CAC800232,EDL Projects (Australia) Pty Ltd,Mandalong Waste Coal Mine Gas Power Station,ERF119472,Fixed Delivery,357500,,60000,7.00,8.48,,,Yes,,Active,Dec-17
CAC801359,The Trust Company (Australia) Limited as trustee for Forestry Investment Trust,Orchid Valley Pine project 2019,ERF121778,Optional Delivery,32072,25472,0,10.00,10.00,,,No,,Active,Mar-20
CAC802384,Louise Marie Turner and Zane Barry Turner as the trustees for Goodwood Investments Trust,Goodwood Pastoral Regeneration Project,ERF168027,Optional Delivery,79553,79553,0,10.00,10.00,,,No,,Active,Oct-21
CAC803947,Benefit Property Holdings Pty Ltd,Urisino Regenerative Ecosystem Project,EOP100637,Fixed Delivery,385000,,385000,7.00,7.00,6.28,6.28,No,3/8/2021,Completed,Apr-15
CAC808228,AGRIPROVE SOLUTIONS PTY LTD,Burns Carbon Project,ERF102626,Fixed Delivery,2182000,,0,10.00,11.50,,,Yes,,Active,Apr-16
CAC814713,The Trust Company (Australia) Limited as trustee for Forestry Investment Trust,FIT 2023 Carbon Project,ERF179669,Optional Delivery,88000,88000,0,10.00,10.00,,,No,,Active,Mar-23
CAC815378,NINAL VENTURES PTY LTD,Yaloak Estate Soil Carbon Project,EOP101065,Fixed Delivery,425000,,356200,10.00,10.00,,,No,,Active,Apr-15
CAC816842,DLF Resources Pty. Ltd. as The Trustee for DLF Family Trust,Murra Murra Native Forest Regeneration Project,ERF163416,Optional Delivery,290306,262240,0,10.00,10.00,,,No,,Active,Apr-21
CAC819839,Terra Carbon Pty Limited,Berangabah HumanInduced Regeneration Project,ERF101494,Fixed Delivery,331773,,190339,10.00,10.00,,,No,,Active,Nov-16
CAC821208,The Trust Company (PTAL) Limited as trustee for ANZFOF2 Sub 1,2018 AGE CLASS  LIMESTONE PLANTATIONS,ERF121772,Fixed Delivery,83260,,16652,10.00,10.56,,,Yes,,Active,Jun-18
CAC822415,Timothy Murray,Idalia Regeneration Project,ERF181178,Optional Delivery,204216,204216,0,10.00,10.00,,,No,,Active,Mar-23
CAC825326,Karen Bailey,Inkerman Downs Regeneration Project,EOP101116,Fixed Delivery,197136,,96599,12.50,12.50,,,No,,Active,Apr-15
CAC825665,Corporate Carbon Solutions Pty Ltd,Yaloak Estate Environmental Plantings #1 Project,EOP101118,Fixed Delivery,125000,,93000,10.00,10.00,,,No,,Active,Apr-15
CAC826426,Our Energy Group Pty Limited,Wollongong CMWM Power Generation Project,ERF103277,Fixed Delivery,928000,,0,7.00,8.44,0.00,1.44,Yes,1/5/2018,Lapsed/Terminated,Nov-16
CAC827122,Balkanu Cape York Development Corporation Pty Ltd,ThaaNguiuaar Carbon Project,ERF109636,Fixed Delivery,10000,,10000,5.00,5.00,4.46,4.46,No,27/9/2021,Completed,Apr-17
CAC827727,Terra Carbon Pty Limited,Darling River Eco Corridor #34,ERF121095,Fixed Delivery,214575,,65898,10.00,10.93,,,Yes,,Active,Jun-18
CAC829881,Andrew Adams; Fiona Adams,Gumbalie and Snake Gully Regeneration Project,ERF158780,Optional Delivery,244432,227058,0,10.00,10.00,,,No,,Active,Sep-20
CAC829909,Cookara Pastoral Pty Ltd as the trustee for Ian Kelly (QLD) Trust; Cookara Pastoral Pty Ltd as the trustee for Ian Wood (QLD) Trust; Cookara Pastoral Pty Ltd as the trustee for Kevin Clark (QLD) Trust; Cookara Pastoral Pty Ltd as the trustee for Stephen Hogan (QLD) Trust,Cookara Regeneration Project,ERF159185,Optional Delivery,132454,129009,0,10.00,10.00,,,No,,Active,Sep-20
CAC838267,Our Energy Group Pty Limited,Hunter No. 2 CMWM New Flaring Project,ERF105023,Fixed Delivery,300000,,0,7.00,7.52,2.43,2.94,Yes,4/11/2019,Lapsed/Terminated,Nov-16
CAC838822,Adam Robinson Pty Ltd as the Trustee for Adam Robinson Family Trust,Robinson Sunny Park Coonamble Project,ERF142497,Optional Delivery,180000,180000,0,8.00,8.00,,,No,,Active,Mar-20
CAC843919,Julie Cullenward,Dalkeith Regeneration Project,ERF177915,Optional Delivery,28808,28808,0,10.00,10.00,,,No,,Active,Mar-23
CAC846927,Southern Cross Forests Pty Ltd as trustee for the Southern Cross Forests Trust,Tredegar Plantation Project,ERF142824,Optional Delivery,38322,38322,0,10.00,10.00,,,No,,Active,Mar-20
CAC847943,DEVINE AGRIBUSINESS CARBON PTY LTD,DAC201601,ERF104441,Fixed Delivery,118500,,80250,10.00,11.50,,,Yes,,Active,Nov-16
CAC848897,Terra Carbon Pty Limited,Darling River Eco Corridor #36,ERF121209,Fixed Delivery,226301,,54767,10.00,10.93,,,Yes,,Active,Jun-18
CAC850598,Terra Carbon Pty Limited,Darling River Eco Corridor 2,ERF102983,Fixed Delivery,432844,,223421,10.00,10.00,,,No,,Active,Apr-16
CAC852979,Richard Fenny,Woodleigh Station Regeneration Project,ERF121660,Fixed Delivery,111639,,0,10.00,13.62,0.00,3.62,Yes,28/1/2022,Lapsed/Terminated,Jun-18
CAC854954,Terra Carbon Pty Limited,Darling River Eco Corridor #33,ERF119550,Fixed Delivery,318829,,86185,10.00,10.89,,,Yes,,Active,Dec-17
CAC864407,Matthew Parkinson,Paroo River North Environmental Project,ERF104646,Fixed Delivery,794651,,0,10.00,10.63,0.83,1.47,Yes,1/10/2018,Lapsed/Terminated,Apr-17
CAC869799,Corporate Carbon Solutions Pty Ltd,M.D.H. Savanna Burning Project,ERF104736,Fixed Delivery,130000,,0,10.00,11.48,0.00,1.48,Yes,16/5/2018,Lapsed/Terminated,Nov-16
CAC870277,AI CARBON PROJECTS NO 3 PTY LTD,Uno Station,ERF173260,Optional Delivery,280145,280145,0,10.00,10.00,,,No,,Active,Apr-22
CAC873037,Lorraine Breese; Peter Savage,Yarraquin Station Regeneration Project,ERF131190,Fixed Delivery,18703,,11672,3.00,4.49,,,Yes,,Active,Jul-19
CAC873169,LMS Energy Pty Ltd,"Molendinar Landfill Gas Project
Stapylton Landfill Gas Project
Reedy Creek Landfill Gas Project","EOP100501
EOP100540
EOP101202",Fixed Delivery,555649,,450649,6.00,6.00,5.52,5.52,No,21/10/2022,Completed,Apr-17
CAC887022,NINAL VENTURES PTY LTD,Paroo River North Environmental Project,ERF104646,Optional Delivery,410000,384000,0,10.00,10.00,,,No,,Active,Mar-20
CAC890733,The Trust Company (PTAL) Limited as trustee for ANZFOF2 Sub 1,2021 AGECLASS  LIMESTONE PLANTATIONS,ERF159273,Optional Delivery,160370,136148,10211,10.00,10.00,,,No,,Active,Sep-20
CAC893173,Jeffrey Murphy; Susan Murphy,Rocky Station HumanInduced Regeneration Project,ERF121619,Fixed Delivery,66080,,26204,10.00,12.38,,,Yes,,Active,Jun-18
CAC899602,CSBP Limited,CSBP Kwinana Nitric Acid Ammonium Nitrate Decarbonisation Project  Phase 1,ERF176748,Optional Delivery,250000,250000,0,7.00,7.00,,,No,,Active,Mar-23
CAC900234,Francesca Lumb; Jake Fennell,Wintinna Station Forest Regeneration Project,ERF146285,Optional Delivery,330000,281847,0,10.00,10.00,,,No,,Active,Sep-20
CAC903889,Kurrajong Partners Pty Ltd,Northern Savanna Project,ERF104944,Fixed Delivery,5000000,,0,10.00,15.98,0.00,5.98,Yes,15/11/2022,Lapsed/Terminated,Nov-16
CAC904269,Australian Integrated Carbon Financial Services Pty Ltd,"Murgoo Station, Murchison HIR Aggregation",ERF159553,Optional Delivery,253663,253663,0,10.00,10.00,,,No,,Active,Sep-20
CAC910556,Blairmore HK Pty Ltd as the Trustee for Blairmore HK Trust,Blairmore Native Forest Regeneration Project,ERF121509,Fixed Delivery,238268,,103906,10.00,10.98,,,Yes,,Active,Jun-18
CAC916028,Flowenol Mngt Pty. Ltd. as Trustee for the Flowenol Fund S,Glen Ailee Station Native Forest Protection Project,EOP100705,Fixed Delivery,14500,,14500,1.00,1.00,0.58,0.58,No,11/7/2018,Completed,Dec-17
CAC916815,REGENCO PTY LTD,NT Cattle Conservation HIR Project #02142022 IDR,ERF173343,Optional Delivery,950000,950000,0,10.00,10.00,,,No,,Active,Mar-23
CAC917519,Corporate Carbon Solutions Pty Ltd,Paraway Pastoral Beef Herd Management Project,ERF103431,Fixed Delivery,184000,,19382,7.00,8.48,,,Yes,,Active,Apr-16
CAC918036,MENZIES ABORIGINAL CORPORATION,Adelong Station Regeneration Project,ERF121368,Fixed Delivery,167737,,0,10.00,13.62,0.00,3.62,Yes,28/1/2022,Lapsed/Terminated,Jun-18
CAC918274,REGENCO PTY LTD,NT Cattle Conservation HIR Project #02142022 UMB,ERF173312,Optional Delivery,640000,640000,0,10.00,10.00,,,No,,Active,Mar-23
CAC919698,Terra Carbon Pty Limited,Narrandool Native Forest Protection Project,ERF103138,Fixed Delivery,143783,,88482,10.00,10.00,,,No,,Active,Apr-16
CAC921246,Australian Integrated Carbon Financial Services Pty Ltd,"Ballythunna Station, Murchison HIR Aggregation",ERF159571,Optional Delivery,183520,183520,0,10.00,10.00,,,No,,Active,Sep-20
CAC924034,Robert Bruce Downie as the Trustee for the Montdown Family Trust,Montdown Tree Farms Plantation Project,ERF121346,Fixed Delivery,195000,,0,10.00,12.04,0.00,2.04,Yes,30/6/2020,Lapsed/Terminated,Jun-18
CAC926397,AI CARBON WA NO.2 PTY LTD,AIC HIR WA2 MS,ERF166768,Optional Delivery,729632,729632,0,10.00,10.00,,,No,,Active,Oct-21
CAC929626,Jorgen Jensen,Yoweragabbie Station Regeneration Project,ERF121473,Fixed Delivery,117676,,44522,10.00,12.62,,,Yes,,Active,Dec-18
CAC932170,Pormpuraaw Aboriginal Shire Council,Raak Nguunge,EOP100813,Fixed Delivery,70000,,40000,7.00,7.00,,,No,,Active,Dec-18
CAC935015,Incitec Pivot Limited,Dyno Nobel Moranbah N2O Abatement Project,ERF171724,Optional Delivery,1476000,1476000,0,7.00,7.00,,,No,,Active,Mar-23
CAC936115,Garry Heffernan,Heffernan Forest Regeneration Project,ERF103181,Fixed Delivery,1704718,,906283,10.00,10.32,,,Yes,,Active,Apr-16
CAC941352,"Blacktown Waste Services Pty Limited, Penrith Waste Services Pty. Limited","Marsden Park LFG Emission Avoidance Project
Mulgoa Road LFG Emission Avoidance Project","ERF127488
ERF126403",Fixed Delivery,170000,,0,7.00,10.79,,,Yes,,Active,Dec-18
CAC941368,Our Energy Group Pty Limited,Central Coast CMWM Power Generation Project,ERF103254,Fixed Delivery,643000,,0,7.00,9.49,0.00,2.49,Yes,22/5/2019,Lapsed/Terminated,Nov-16
CAC941575,Munda Munda Pty Ltd as the trustee for Todd Family Trust,Munda Munda Regeneration Project,ERF158437,Optional Delivery,113915,99742,0,10.00,10.00,,,No,,Active,Sep-20
CAC944194,Bruce Hearn; Julie Hearn,Euroli Carbon Farm,EOP101142,Fixed Delivery,85275,,85275,5.00,5.00,4.31,4.31,No,3/8/2021,Completed,Apr-17
CAC944239,Bryan Prosser,Weebo Station Regeneration Project,ERF121750,Fixed Delivery,222296,,0,10.00,13.11,0.00,3.11,Yes,28/1/2022,Lapsed/Terminated,Dec-18
CAC944477,CARBON REGENERATION PTY LTD,Native woodland regeneration project MOA21,ERF170837,Optional Delivery,123200,115500,0,10.00,10.00,,,No,,Active,Apr-22
CAC945937,Carbon Estate Pty Ltd,Carbon Estate  Creating a Better Climate  Stage 3,ERF103388,Fixed Delivery,120497,,57948,10.00,10.77,,,Yes,,Active,Nov-16
CAC948203,Jawoyn Association Aboriginal Corporation,Jawoyn Fire 2,ERF102021,Fixed Delivery,210000,,137744,7.00,8.10,,,Yes,,Active,Nov-16
CAC948320,AGRIPROVE SOLUTIONS PTY LTD,Cirus Carbon Project,ERF103429,Fixed Delivery,7500000,,0,10.00,11.43,,,Yes,,Active,Nov-16
CAC951240,Helen Bentick; Steven Bentick,Dalwood Regeneration Project,ERF119538,Fixed Delivery,254348,,29991,10.99,14.12,,,Yes,,Active,Dec-17
CAC959863,Kurrajong Partners Pty Ltd,Bimblebox Regeneration Project,ERF105188,Fixed Delivery,1000000,,185225,10.00,11.48,,,Yes,,Active,Nov-16
CAC960184,Gregory Arthur Payne and Cindy May Payne as the trustees for the Badja Family Trust,Badja Station Regeneration Project,ERF123770,Fixed Delivery,60336,,0,10.00,13.29,,,Yes,,Active,Dec-18
CAC960647,Terra Carbon Pty Limited,Darling River Conservation Initiative Site 14,ERF157476,Optional Delivery,176454,171450,551,10.00,10.00,,,No,,Active,Oct-21
CAC962552,AI CARBON PROJECTS NO 3 PTY LTD,Paroo Station Aggregation,ERF173314,Optional Delivery,1242589,1242589,0,10.00,10.00,,,No,,Active,Apr-22
CAC964850,CO2 AUSTRALIA LIMITED,CO2 Australia  HumanInduced Regeneration Project  Stage 2,ERF111252,Fixed Delivery,294426,,0,10.00,11.50,0.00,1.50,Yes,12/10/2018,Lapsed/Terminated,Apr-17
CAC965484,Adam Robinson Pty Ltd as the Trustee for Adam Robinson Family Trust,Robinson Sunny Park Coonamble Project,ERF142497,Fixed Delivery,20000,,0,10.00,13.58,,,Yes,,Active,Mar-20
CAC967819,Sunpork Consolidated Pty Ltd,Brinkley Biogas Flaring Project,ERF103149,Fixed Delivery,22806,,5732,7.00,7.35,,,Yes,,Active,Nov-16
CAC970744,Kempton Station Farm Pty Ltd,Kempton Station Regeneration Project,ERF173296,Optional Delivery,67948,67948,0,10.00,10.00,,,No,,Active,Apr-22
CAC970916,Orana Agriculture Pty Ltd as Trustee for Tiverton Agriculture Impact Fund,Orana Farm Healthy Soils Project,ERF121662,Fixed Delivery,300000,,0,10.00,10.00,,,No,,Active,Jun-18
CAC973269,Trevor John Hodshon and Caroleann Hodshon as the trustees for the Hodshon Family Trust,Atley Station Regeneration Project,ERF121592,Fixed Delivery,374899,,158872,10.00,12.38,,,Yes,,Active,Jun-18
CAC974752,DEPARTMENT OF PARKS AND WILDLIFE,Wildlife protection and conservation through improved ecosystem scale management,ERF103354,Fixed Delivery,10000,,10000,2.00,2.00,1.35,1.35,No,12/9/2017,Completed,Apr-16
CAC975326,WALLAROBBA CATTLE COMPANY PTY. LIMITED,Tallawang Carbon Sequestration Project,ERF101522,Optional Delivery,35000,35000,0,10.00,10.00,,,No,,Active,Oct-21
CAC976658,REGENCO PTY LTD,NT Cattle Conservation HIR Project #02142022 HOR,ERF173344,Optional Delivery,220000,220000,0,10.00,10.00,,,No,,Active,Mar-23
CAC979222,AI CARBON PROJECTS NO 3 PTY LTD,Wilkurra Station,ERF173231,Optional Delivery,94720,94720,0,10.00,10.00,,,No,,Active,Apr-22
CAC982056,Department of Planning and Environment,Environmental Plantings in NPWS Reserves  Pilot Project stage 2,ERF111113,Fixed Delivery,69300,,0,10.00,11.50,,,Yes,,Active,Apr-17
CAC983585,Terra Carbon Pty Limited,Maranoa Ecosystem Conservation Project #2,ERF103307,Fixed Delivery,174440,,147566,10.00,10.00,,,No,,Active,Apr-16
CAC983960,ORICA AUSTRALIA PTY LTD,Orica Yarwun Nitrates Decarbonisation Project,ERF172930,Optional Delivery,1317114,1317114,0,7.00,7.00,,,No,,Active,Apr-22
CAC985157,The Trust Company (Australia) Limited as trustee for Forestry Investment Trust,Harvey Pine project 2018,ERF121725,Optional Delivery,31225,28225,0,10.00,10.00,,,No,,Active,Apr-21
CAC986064,Terra Carbon Pty Limited,Catchment Conservation Alliance  Southern Rivers Initiative Site #3,ERF111058,Fixed Delivery,341973,,186049,10.00,10.88,,,Yes,,Active,Apr-17
CAC987034,Terra Carbon Pty Limited,Catchment Conservation AllianceGreat Barrier Reef Initiative,ERF103448,Fixed Delivery,15000000,,516764,13.66,15.15,,,Yes,,Active,Apr-16
CAC987721,Terra Carbon Pty Limited,Western Australia Rangelands Conservation Initiative Site #13,ERF158690,Optional Delivery,71769,66205,0,10.00,10.00,,,No,,Active,Sep-20
CAC988369,Colin Ward,Moruya Station Carbon Project,ERF103353,Fixed Delivery,80028,,0,10.00,10.32,0.00,0.32,Yes,1/9/2016,Lapsed/Terminated,Apr-16
CAC988641,Norske Skog Paper Mills (Australia) Limited,Norske Skog Boyer Mill Heat Recovery Project,ERF104102,Fixed Delivery,250000,,90875,7.00,7.85,,,Yes,,Active,Nov-16
CAC990253,Red Dirt Pastoral Pty Ltd as trustee for Mt Jackson Station Unit Trust,Mt Jackson Regeneration Project,ERF130775,Optional Delivery,40000,32000,0,10.00,10.00,,,No,,Active,Sep-20
CAC997692,LGI Limited,Mugga Lane Landfill Gas Upgrade Project,ERF132693,Fixed Delivery,168000,,37800,7.00,7.00,,,No,,Active,Sep-20